abbr		ko	fr	de	zh	es	ar	ru	hi	bn	pt	in	ja	he	eo	sw	tl	ur	la	cy	zu	yi
language\	ENGLISH	KOREAN	FRENCH	GERMAN	CHINESE	SPANISH	ARABIC	RUSSIAN	HINDI	BENGALI	PORTUGUESE	INDONESIAN	JAPANESE	HEBREW	ESPERANTO	SWAHILI	TAGOLOG	URDU	LATIN	WELSH	ZULU	YIDDISH
end	END	끝	FIN	ENDE	结尾	FIN	نهاية	КОНЕЦ	अंत	শেষ	FIM	AKHIR	終わり	סוֹף	FINO	Mwisho	Magtapos	آخر	Finis	Terfyna ’	Ukugcina	ויסלאָזן
abs	ABSOLUTE VALUE	절대 가치	VALEUR ABSOLUE	ABSOLUTER WERT	绝对值	VALOR ABSOLUTO	قيمه مطلقه	АБСОЛЮТНАЯ ВЕЛИЧИНА	निरपेक्ष मूल्य	পরম মান	VALOR ABSOLUTO	NILAI MUTLAK	絶対値	ערך מוחלט	Absoluta valoro	Thamani kabisa	Ganap na halaga	مطلق قیمت	Absolutus	Gwerth Absoliwt	Inani eliphelele	אַבסאָלוט ווערט
atn	INVERSE TANGENT	역 탄젠트	Tangente inverse	Inverse Tangente	逆切线	Tangente inversa	عكس الظل	Обратная касательная	उलटा स्पर्शरेखा	বিপরীত স্পর্শকাতর	Tangente inversa	Tangen terbalik	逆の接線	משיק הפוך	Inversa tangento	Inverse Tangent	Kabaligtaran tangent	الٹا ٹینجنٹ	Inversum tangentem	Tangiad gwrthdro	I-Inverse Tangent	פאַרקערט טאַנדזשאַנט
cos	COSINE	코사인	COSINUS	KOSINUS	余弦	COSENO	جيب التمام	КОСИНУС	कोज्या	কোসাইন	Cosseno	KOSINUS	余弦	קוסינוס	Kosinaro	Cosine	Cosine	کوسائن	Cosinus	Nghosin	Icosi	קאָסינע
exp	EXPONENTIAL	지수	EXPONENTIEL	EXPONENTIELL	指数	EXPONENCIAL	متسارع	Экспоненциальный	घातीय	তাত্পর্যপূর্ণ	EXPONENCIAL	Eksponensial	指数	מעריכי	Eksponenta	Exponential	Exponential	کفایت شعاری	Exponentialis	Esbonyddol	Ukuveza	עקספּאָונענשאַל
int	INTEGER	정수	ENTIER	GANZE ZAHL	整数	ENTERO	عدد صحيح	Целое число	पूर्णांक	পূর্ণসংখ্যা	Inteiro	BILANGAN BULAT	整数	מספר שלם	Entjero	Nambari	Integer	انٹیجر	Integer	Gyfanrif	-Phethe	ינטאַדזשער
log	LOGARITHM	로그	LOGARITHME	LOGARITHMUS	对数	LOGARITMO	لوغاريتم	ЛОГАРИФМ	लोगारित्म	লগারিদম	LOGARITMO	LOGARITMA	対数	לוֹגָרִיתְם	Logaritmo	Logarithm	Logarithm	لوگرتھم	Logarithmus	Logarithm	Isilinganiso sogaziduzemi	Logarithm
rnd	ROLL	롤	ROULEAU	ROLLEN	卷	ROLLO	لفافة	РУЛОН	लुढ़काना	রোল	ROLAR	GULUNGAN	ロール	גָלִיל	RULO	Roll	Roll	رول	Volumen	Treiglech	Qoqa	זעמל
sgn	SIGN	징후	SIGNE	ZEICHEN	符号	FIRMAR	لافتة	ЗНАК	संकेत	চিহ্ন	SINAL	TANDA	サイン	סִימָן	Signo	Ishara	TANDA	دستخط کریں	Signum	Arwydden	Bhala	צייכן
sin	SINE	사인	SINUS	SINUS	正弦	SENO	جيب	СИНУС	ज्या	সাইন	SENO	SINUS	正弦	סינוס	Sinuso	Sine	Sine	sine	Sinus	Sein	Sine	סינוס
sqr	SQUARE ROOT	제곱근	RACINE CARRÉE	QUADRATWURZEL	平方根	RAÍZ CUADRADA	الجذر التربيعي	КВАДРАТНЫЙ КОРЕНЬ	वर्गमूल	বর্গমূল	RAIZ QUADRADA	AKAR PANGKAT DUA	平方根	שורש ריבועי	Kvadrata radiko	KIPEO	Parisukat na ugat	مربع جڑ	Quadratus	AIL ISRADD	I-SQUARE ROOT	קוואַדראַט וואָרצל
tan	TANGENT	접선	TANGENTE	TANGENTE	切线	TANGENTE	الظل	Тангенс	स्पर्शरेखा	স্পর্শকাতর	TANGENTE	GARIS SINGGUNG	正接	מַשִׁיק	Tanĝanto	Tangent	Tangent	ٹینجینٹ	Tangens	Tangiad	Inhliziyo yakhona	טאַנדזשאַנט
dbl	DOUBLE	더블	DOUBLE	DOPPELT	双倍的	DOBLE	مزدوج	ДВОЙНОЙ	दोहरा	দ্বিগুণ	DOBRO	DOBEL	ダブル	לְהַכפִּיל	Duobla	Mara mbili	Doble	دگنا	Duplex	Dyblwch	-Bili	טאָפּל
def	DEFINE	정의하다	DÉFINIR	DEFINIEREN	定义	DEFINIR	يُعرِّف	ОПРЕДЕЛЯТЬ	परिभाषित करना	সংজ্ঞায়িত	DEFINIR	MENDEFINISIKAN	定義	לְהַגדִיר	Difini	Fafanua	Tukuyin	وضاحت کریں	DEFINIRE	Ddiffinia	Chasisela	דעפינירן
let	LET	허락하다	LAISSER	LASSEN	让	DEJAR	يترك	ПОЗВОЛЯТЬ	होने देना	দিন	DEIXAR	MEMBIARKAN	させて	לתת	Lasu	Acha	Hayaan	دو	Fiat	Gadawn	Vumela	לאָזן
go	GO	가다	ALLER	GEHEN	去	IR	يذهب	ИДТИ	जाना	যাওয়া	IR	PERGI	行く	ללכת	Iru	Nenda	Pumunta ka na	جاؤ	Pereo	Aethant	Hamba ngemoto	פונקציאָנירן
gosub	CALL	부르다	APPEL	FORDERUNG	称呼	LLAMAR	يتصل	ВЫЗОВ	पुकारना	কল	CHAMAR	PANGGILAN	電話	שִׂיחָה	Voku	WITO	Tumawag	کال کریں	Voco	Alwa ’	Memeza	רופן
goto	JUMP	도약	SAUT	SPRINGEN	跳	SALTAR	القفز	ПРЫГАТЬ	कूदना	লাফ	PULAR	MELOMPAT	ジャンプ	קְפִיצָה	Saltu	Rukia	Tumalon	چھلانگ	Jump	Beicasid	Gxuma	שפּרונג
to	TO	에게	POUR	ZU	到	A	ل	К	को	প্রতি	PARA	KE	に	ל	Al	Kwa	Sa	to	Ut	I	Kwa-	צו
if	IF	만약에	SI	WENN	如果	SI	لو	ЕСЛИ	अगर	যদি	SE	JIKA	もしも	אם	Se	KAMA	Kung	اگر	SI	Os	Nxa	ויב
then	THEN	그 다음에	ALORS	DANN	然后	ENTONCES	ثم	ЗАТЕМ	तब	তারপর	ENTÃO	KEMUDIAN	それから	לאחר מכן	Tiam	Basi	Pagkatapos	پھر	Tum	Yna	Khona-	ווי
sub	SUB	보결	SOUS	Sub	子	SUB	الفرعية	Подставка	विषय	সাব	SUB	SUB	サブ	תַת	Sub	Sub	Sub	سب	Sub	Hwb	Indawo	סוב
on	SWITCH	스위치	CHANGER	SCHALTEN	转变	CAMBIAR	يُحوّل	ВЫКЛЮЧАТЕЛЬ	बदलना	স্যুইচ	TROCAR	MENGALIHKAN	スイッチ	החלף	ŜALTI	Badili	Lumipat	سوئچ	Switch	Switsith	Shintsha	יבערבייַט
return	RETURN	반품	RETOUR	ZURÜCKKEHREN	返回	DEVOLVER	يعود	ВОЗВРАЩАТЬСЯ	वापस करना	প্রত্যাবর্তন	RETORNAR	KEMBALI	戻る	לַחֲזוֹר	Revenu	Kurudi	Bumalik	واپس	Reditus	Ddychwelo	Buyisela emuva	ומקערן
stop	FINISHED	완성된	FINI	FERTIG	完成的	FINALIZADO	تم الانتهاء من	ЗАКОНЧЕННЫЙ	खत्म	সমাপ্ত	FINALIZADO	SELESAI	終了した	גָמוּר	Finita	Kumaliza	Tapos na	ختم	Complexus	Gorffenedig	Kuqediwe	געענדיקט
for	FROM	에서	DEPUIS	AUS	从	DE	من	ОТ	से	থেকে	DE	DARI	から	מ	De	Kutoka	Mula sa	سے	Ex	Oddi wrth	Ukusuka	פון
step	STEP	단계	MARCHER	SCHRITT	步	PASO	خطوة	ШАГ	कदम	পদক্ষেপ	ETAPA	MELANGKAH	ステップ	שלב	Paŝo	Hatua	Hakbang	مرحلہ	Gradus	Camoch	Gxatha	טרעפּל
next	NEXT	다음	SUIVANT	NÄCHSTE	下一个	PRÓXIMO	التالي	СЛЕДУЮЩИЙ	अगला	পরবর্তী	PRÓXIMO	BERIKUTNYA	次	הַבָּא	Poste	Ifuatayo	Susunod	اگلے	DEINDE	Nesaf	OLANDELAYO	ווייַטער
print	PRINT	인쇄	IMPRIMER	DRUCKEN	打印	IMPRIMIR	مطبعة	РАСПЕЧАТАТЬ	प्रिंट	ছাপা	IMPRIMIR	MENCETAK	印刷	הדפס	Presi	Chapisha	I -print	پرنٹ کریں	Print	Brintiwyd	Cindezela	פאַרקויפט
input	INPUT	입력	SAISIR	EINGANG	输入	APORTE	مدخل	ВХОД	इनपुट	ইনপুট	ENTRADA	MEMASUKKAN	入力	קֶלֶט	ENIGO	Pembejeo	Input	ان پٹ	Input	Mewnbynner	Faka	אַרייַנשרייַב
read	READ	읽다	LIRE	LESEN	读	LEER	يقرأ	ЧИТАТЬ	पढ़ना	পড়ুন	LER	MEMBACA	読む	לקרוא	Legu	Soma	Basahin	پڑھیں	LEGERE	Darllenest	Funda	לייענען
restore	REREAD	다시 읽었습니다	Relier	Neu lesen	重读	RELEER	إعادة القراءة	Перечитывать	को फिर से पढ़ें	পুনরায় পড়ুন	RELER	MEMBACA KEMBALI	読み直します	לקרוא מחדש	Relegi	Kusoma tena	Basahin muli	دوبارہ پڑھیں	RELIGIO	Ailddarllenwch	Xwayisa	Readead
data	INFORMATION	정보	INFORMATION	INFORMATION	信息	INFORMACIÓN	معلومة	ИНФОРМАЦИЯ	जानकारी	তথ্য	INFORMAÇÃO	INFORMASI	情報	מֵידָע	Informoj	Habari	Impormasyon	معلومات	Notitia	Ngwybodaeth	Ulwazi	ינפאָרמאַציע
dim	DIMENSION	치수	DIMENSION	ABMESSUNGEN	方面	DIMENSIÓN	البعد	ИЗМЕРЕНИЕ	आयाम	মাত্রা	DIMENSÃO	DIMENSI	寸法	מֵמַד	Dimensio	Mwelekeo	Sukat	طول و عرض	Dimensio	Dimensiwn	Ubukhulu	ויסמעסטונג
option	OPTION	옵션	OPTION	MÖGLICHKEIT	选项	OPCIÓN	خيار	ВАРИАНТ	विकल्प	বিকল্প	OPÇÃO	PILIHAN	オプション	אוֹפְּצִיָה	Opcio	Chaguo	Pagpipilian	آپشن	Optio	Opsiwn	Ukukhetha	בריירע
base	BASE	베이스	BASE	BASE	根据	BASE	قاعدة	БАЗА	आधार	বেস	BASE	BASIS	ベース	בסיס	Bazo	Msingi	BASE	بنیاد	Basis	Seiliant	Isizinda	באַזע
rem	REMARK	주목	REMARQUE	ANMERKUNG	评论	OBSERVACIÓN	ملاحظة	Примечание	टिप्पणी	মন্তব্য	OBSERVAÇÃO	KOMENTAR	述べる	הֶעָרָה	Rimarko	Kumbuka	Pansinin	تبصرہ	Adnotatio	Sylw	Phawula	באַמערקונג
randomize	RANDOMIZE	무작위 화	RANDOMISER	Randomisieren	随机化	Aleatorizar	عشوائي	Рандомизировать	अनियमित	এলোমেলোভাবে	ALEATÓRIA	Mengacak	ランダム化	אקראי	Hazarda	Bila mpangilio	Randomize	بے ترتیب	RANDOMIZE	Ar hap	Phungula	ראַנדאַמייז
error	ERROR	오류	ERREUR	FEHLER	错误	ERROR	خطأ	ОШИБКА	गलती	ত্রুটি	ERRO	KESALAHAN	エラー	שְׁגִיאָה	Eraro	Kosa	Error	غلطی	Error	Wallau	Ukuphambeka	גרייַז
file	FILE	파일	DÉPOSER	DATEI	文件	ARCHIVO	ملف	ФАЙЛ	फ़ाइल	ফাইল	ARQUIVO	MENGAJUKAN	ファイル	קוֹבֶץ	Dosiero	Faili	File	فائل	Lima	Rhathellem	Ifayili	טעקע
line	LINE	선	DOUBLER	LINIE	线	LÍNEA	خط	ЛИНИЯ	पंक्ति	লাইন	LINHA	GARIS	ライン	קַו	Linio	Mstari	Linya	لائن	Linea	Leinith	Ulayini	ליניע
column	COLUMN	열	COLONNE	SPALTE	柱子	COLUMNA	عمود	СТОЛБЕЦ	कॉलम	কলাম	COLUNA	KOLOM	桁	טור	Kolumno	Safu	Haligi	کالم	Columna	Golofnau	Insika	זייַל
rat	RATIONAL	합리적인	RATIONNEL	RATIONAL	合理的	RACIONAL	عاقِل	Рациональный	तर्कसंगत	যুক্তিসঙ্গত	RACIONAL	RASIONAL	合理的な	רַצִיוֹנָלִי	Racia	Mantiki	Makatuwiran	عقلی	Rationalis	Rhesymol	-Nengqondo	באַרדאַסדיק
str	TEXT	텍스트	TEXTE	TEXT	文本	TEXTO	نص	ТЕКСТ	मूलपाठ	পাঠ্য	TEXTO	TEKS	文章	טֶקסט	Teksto	Maandishi	Teksto	متن	Text	Tecstio	Umbhalo	טעקסט
																						
	❮%0❯ at %1:%2 ->%b	❮%0%at%1 :%2->%b	❮% 0❯ à% 1:% 2 ->% b	❮%0❯ bei%1:%2 ->%b	❮％0❯在％1：％2->％b	❮%0❯ a%1:%2 ->%b	❮ ٪ 0❯ في ٪ 1: ٪ 2 -> ٪ ب	❮%0❯ AT%1:%2 ->%b	❮%0 ❮%1:%2 ->%b पर	%1 0❯%1:%2 ->%বি এ	❮%0❯ em%1:%2 ->%B	❮%0❯ AT%1:%2 ->%b	❮％0❯at％1：％2->％b	❮%0❯ at%1:%2 ->%b	❮%0❯ je%1:%2 ->%b	❮%0❯ kwa%1:%2 ->%b	❮%0❯ sa%1:%2 ->%B	❮ ٪ 0❯ at 1: ٪ 2 -> ٪ b	❮% 0 ❯% I,% II ->% B	❮%0❯ ar%1:%2 ->%b	❮% 0❯ ku% 1:% 2 ->% B	❮% 0❯ בייַ% 1:% 2 ->% ב
	❮%0❯ at %1:%2%n	❮%0%at%1 :%2%n	❮% 0❯ à% 1:% 2% n	❮%0❯ bei%1:%2%n	❮％0❯在％1：％2％n	❮%0❯ a%1:%2%N	❮ ٪ 0❯ في ٪ 1: ٪ 2 ٪ N	❮%0❯ AT%1:%2%N	❮%0 ❮%1 पर:%2%n	%1 0❯%1:%2%এন	❮%0❯ em%1:%2%n	❮%0❯ AT%1:%2%n	❮％0❯at％1：％2％n	❮%0❯ ב%1:%2%n	❮%0❯ je%1:%2%n	❮%0❯ kwa%1:%2%n	❮%0❯ sa%1:%2%n	❮ ٪ 0❯ at 1: ٪ 2 ٪ n	❮% 0❯ ad% I,% II% n	❮%0❯ ar%1:%2%n	❮% 0❯ ku-% 1:% 2% n	❮% 0❯ ביי% 1:% 2% n
	AND NO LANGUAGE GIVEN ON COMMAND LINE.  EXITING.%n	그리고 명령 줄에는 언어가 없습니다. 출구.%n	Et aucune langue donnée sur la ligne de commande. Sortant.% N	Und keine Sprache in der Befehlszeile angegeben. Verlassen.%N	并且在命令行上没有使用语言。退出。％n	Y no hay lenguaje dado en la línea de comando. Salir.%N	ولا توجد لغة ممنوحة على سطر الأوامر. الخروج. ٪ ن	И нет языка, не указанного в командной строке. Выход.%N	और कमांड लाइन पर कोई भाषा नहीं दी गई है। बाहर निकलना।%n	এবং কমান্ড লাইনে কোনও ভাষা দেওয়া হয়নি। প্রস্থান।%n	E nenhum idioma dado na linha de comando. Saindo.%N	Dan tidak ada bahasa yang diberikan pada baris perintah. Keluar.%N	コマンドラインには言語が与えられていません。終了。％n	ושום שפה ניתנת בשורת הפקודה. יציאה.%N	Kaj neniu lingvo donita sur komandlinio. Elirante.%N	Na hakuna lugha iliyopewa kwenye mstari wa amri. Kuondoka.%N	At walang wikang ibinigay sa linya ng utos. Paglabas.%N	اور کمانڈ لائن پر کوئی زبان نہیں دی گئی۔ باہر نکلنا۔ ٪ n	Et non linguam dedit in order versus. Exivit.% N	A dim iaith a roddir ar linell orchymyn. Gadael.%N	Futhi alukho ulimi olunikezwe kulayini womyalo. Ukuphuma.% N	און קיין שפּראַך געגעבן אויף באַפֿעלן שורה. אַרויסגאַנג.% N
	CANNOT ACCESS DIRECTORY ❮%0❯.%n	디렉토리에 액세스 할 수 없습니다	Impossible d'accéder au répertoire ❮% 0❯.% N	Kann nicht auf Verzeichnis zugreifen ❮%0❯.%N	无法访问目录❮％0❯。％n	No se puede acceder al directorio ❮%0❯.%N	لا يمكن الوصول إلى دليل ❮ ٪ 0❯. ٪ n	Невозможно получить доступ к каталогу ❮%0❯.%N	निर्देशिका ❮%0❯ तक पहुंच नहीं सकते।%n	ডিরেক্টরি অ্যাক্সেস করতে পারে না ❮%0❯।%n	Não é possível acessar o diretório ❮%0❯.%N	Tidak dapat mengakses direktori ❮%0❯.%N	ディレクトリにアクセスできません❮％0❯。％n	לא ניתן לגשת לספריה ❮%0❯.%N	Ne povas aliri dosierujon ❮%0❯.%N	Haiwezi kupata saraka ❮%0❯.%N	Hindi ma -access ang direktoryo ❮%0❯.%N	ڈائریکٹری تک رسائی حاصل نہیں کرسکتی ❮ ٪ 0❯. ٪ n	Potest accedere Directory ❮% 0❯.% N	Methu cyrchu cyfeiriadur ❮%0❯.%N	Ayikwazi ukufinyelela umkhombandlela ❮% 0❯.% N	קענען ניט צוטריט וועגווייַזער ❮% 0❯.% N
	ERROR: def ❮%0❯ multiply defined %1:%2 and %3:%4%n	오류 : def ❯%0❮ 곱하기 정의%1 :%2 및%3 :%4%n	Erreur: DEF ❮% 0❯ Multipliser définis% 1:% 2 et% 3:% 4% n	Fehler: Def ❮%0❯ Multiplizieren Sie definierte%1:%2 und%3:%4%n	错误：def❮％0❯乘法定义％1：％2和％3：％4％n	Error: DEF ❮%0❯ Multiplicar el%1:%2 y%3:%4%N	خطأ: def ❮ ٪ 0❯ ضاعف ٪ 1: ٪ 2 و ٪ 3: ٪ 4 ٪ n	Ошибка: def ❮%0❯ Умноженное определено%1:%2 и%3:%4%n	त्रुटि: def ❮%0❯ गुणा परिभाषित%1:%2 और%3:%4%n	ত্রুটি: ডিএফ ❮%0❯ গুণিত সংজ্ঞায়িত%1:%2 এবং%3:%4%এন	Erro: def ❮%0❯ Multiply definido%1:%2 e%3:%4%n	Kesalahan: def ❮%0❯ multiply didefinisikan%1:%2 dan%3:%4%n	エラー：def❮％0❯定義済み％1：％2および％3：％4％nを掛ける	שגיאה: def ❮%0❯ הכפל%מוגדר%1:%2 ו-%3:%4%n	Eraro: def ❮%0❯ multobligu difinitan%1:%2 kaj%3:%4%n	Kosa: DEF ❮%0❯ Imefafanuliwa%1:%2 na%3:%4%N	Error: def ❮%0❯ Multiply tinukoy%1:%2 at%3:%4%n	خرابی: Def ❮ ٪ 0❯ وضاحت شدہ ٪ 1: ٪ 2 اور ٪ 3: ٪ 4 ٪ N	Error: DEF ❮% 0❯ multiplicare defined% I:% II% III,% IV% N	Gwall: def ❮%0❯ Lluoswch wedi'i ddiffinio%1:%2 a%3:%4%n	I-ERROR: def ❮% 0❯ ichaze i-% 1:% 2 no% 3:% 4% n	ERROR: דעפ ❮% 0❯ מערן דיפיינד% 1:% 2 און% 3:% 4% n
	ERROR: DEFINITION CYCLE DISCOVERED%n	오류 : 정의주기 발견%n	Erreur: cycle de définition découvert% n	Fehler: Definitionszyklus%n entdeckt n n	错误：定义周期发现％n	Error: ciclo de definición descubierto%n	خطأ: دورة التعريف المكتشفة ٪ n	Ошибка: цикл определения обнаружена%n	त्रुटि: परिभाषा चक्र की खोज%n	ত্রুটি: সংজ্ঞা চক্র%n আবিষ্কার করেছে	Erro: ciclo de definição descoberta%n	Kesalahan: siklus definisi ditemukan%n	エラー：定義サイクルが発見された％n	שגיאה: מחזור ההגדרה התגלה%n	Eraro: Difina ciklo malkovrita%n	Kosa: Mzunguko wa ufafanuzi umegunduliwa%n	ERROR: Napag -alaman ng Cycle ng Kahulugan%n	غلطی: تعریف سائیکل دریافت ٪ n	Error: Definitio exolvuntur inventa% n	Gwall: Cylch diffiniad wedi'i ddarganfod%n	Iphutha: Ukuchazwa komjikelezo kutholakele% n	טעות: דעפֿיניציע ציקל דיסקאַווערד% n
	ERROR: for ❮%0❯ multiply defined %1:%2 and %3:%4%n	오류 : ❯%0❮의 경우 곱하기 정의%1 :%2 및%3 :%4%n	Erreur: pour ❮% 0❯ multipliez définie% 1:% 2 et% 3:% 4% n	Fehler: Für ❮%0❯ Multiplizieren Sie definierte%1:%2 und%3:%4%n	错误：对于❮％0❯乘法定义％1：％2和％3：％4％n	Error: para ❮%0❯ Multiplicar el%1:%2 y%3:%4%N	خطأ: بالنسبة لـ ❮ ٪ 0❯ ، اضرب ٪ 1: ٪ 2 و ٪ 3: ٪ 4 ٪ n	Ошибка: для ❮%0❯ Умноженное определение%1:%2 и%3:%4%n	त्रुटि: ❮%0❯ के लिए गुणा परिभाषित%1:%2 और%3:%4%n	ত্রুটি: ❮%0 ❯ গুণিত সংজ্ঞায়িত%1:%2 এবং%3:%4%এন	Erro: por ❮%0❯ Multiply definido%1:%2 e%3:%4%n	Kesalahan: Untuk ❮%0❯ multiply didefinisikan%1:%2 dan%3:%4%n	エラー：❮％0〜定義された％1：％2および％3：％4％nを掛ける	שגיאה: עבור ❮%0❯ הכפלת%מוגדרת%1:%2 ו-%3:%4%n	Eraro: Por ❮%0❯ multobligu difinitan%1:%2 kaj%3:%4%n	Kosa: kwa ❮%0❯ imeongezeka%1:%2 na%3:%4%n	ERROR: Para sa ❮%0❯ Multiply na tinukoy%1:%2 at%3:%4%n	خرابی: ❮ ٪ 0❯ کے لئے وضاحت شدہ ٪ 1: ٪ 2 اور ٪ 3: ٪ 4 ٪ N	Error: nam ❮% 0 ❯ multiplicare defined% I:% II et% III,% IV% n	Gwall: ar gyfer ❮%0❯ Lluoswch wedi'i ddiffinio%1:%2 a%3:%4%n	I-ERROR: ye-❮% 0❯ ichaze kaningi% 1:% 2 no% 3:% 4% n	גרייַז: פֿאַר ❮% 0❯ מערן דיפיינד% 1:% 2 און% 3:% 4% n
	ERROR: label ❮%0❯ at %1:%2 already defined %3:%4%n	오류 : 레이블 ❯%0❮ at%1 :%2 이미 정의 된%3 :%4%n	Erreur: étiquette ❮% 0❯ à% 1:% 2 déjà défini% 3:% 4% n	Fehler: Etikett ❮%0❯ bei%1:%2 bereits definiert%3:%4%n	错误：标签❮％0❯在％1：％2已经定义的％3：％4％n	Error: etiqueta ❮%0❯ a%1:%2 ya definido%3:%4%n	خطأ: التسمية ❮ ٪ 0❯ في ٪ 1: ٪ 2 محددة بالفعل ٪ 3: ٪ 4 ٪ n	Ошибка: метка ❮%0❯%1:%2 уже определено%3:%4%n	त्रुटि: लेबल ❮%0❯%1 पर:%2 पहले से ही परिभाषित%3:%4%एन	ত্রুটি:%1 এ লেবেল ❮%0❯:%2 ইতিমধ্যে সংজ্ঞায়িত%3:%4%এন	Erro: etiqueta ❮%0❯ em%1:%2 já definido%3:%4%n	Kesalahan: Label ❮%0 ❯ AT%1:%2 sudah ditentukan%3:%4%n	エラー：ラベル❮％0❯at％1：％2既に定義されている％3：％4％n	שגיאה: תווית ❮%0❯ at%1:%2 כבר מוגדר%3:%4%n	Eraro: Etikedo ❮%0❯ AT%1:%2 Jam difinita%3:%4%n	Kosa: Lebo ❮%0❯ kwa%1:%2 tayari imefafanuliwa%3:%4%N	Error: Label ❮%0❯ sa%1:%2 Natukoy na%3:%4%n	غلطی: لیبل ❮ ٪ 0❯ at 1: ٪ 2 پہلے ہی وضاحت شدہ ٪ 3: ٪ 4 ٪ n	Error: Label ❮% 0❯ ad% I:% II iam defined% III,% IV% n	Gwall: Label ❮%0❯ ar%1:%2 eisoes wedi'i ddiffinio%3:%4%n	Iphutha: Ilebula ❮% 0❯ ku-% 1:% 2 isivele ichaziwe% 3:% 4% n	טעות: לאַבעל ❮% 0❯ ביי% 1:% 2 שוין דיפיינד% 3:% 4% n
	ERROR: line %0 column %1, ❮%2❯ has no value%n	오류 : line %0 열 %1, ❮ %2❯ 값이 없습니다.	Erreur: ligne% 0 colonne% 1, ❮% 2❯ n'a pas de valeur% n	Fehler: Zeile %0 Spalte %1, ❮ %2❯ hat keinen Wert %n n	错误：线％0列％1，❮％2❯没有值％n	Error: línea %0 columna %1, ❮ %2❯ no tiene valor %n	خطأ: السطر ٪ 0 العمود ٪ 1 ، ❮ ٪ 2❯ ليس له قيمة ٪ n	Ошибка: Line %0 Column %1, ❮ %2❯ не имеет значения %n	त्रुटि: लाइन %0 कॉलम %1, ❮ %2❯ का कोई मूल्य %n नहीं है	ত্রুটি: লাইন %0 কলাম %1, ❮ %2❯ এর কোনও মান %এন নেই	Erro: linha %0 coluna %1, ❮ %2❯ não tem valor %n	Kesalahan: baris %0 kolom %1, ❮ %2❯ tidak memiliki nilai %n	エラー：line％0列％1、❮％2❯には値％nがありません	שגיאה: קו %0 עמודה %1, ❮ %2❯ אין ערך %n	Eraro: Line %0 Kolumno %1, ❮ %2❯ havas neniun valoron %n	Kosa: mstari %0 safu %1, ❮ %2❯ haina thamani %n	Error: linya %0 haligi %1, ❮ %2❯ ay walang halaga %n	خرابی: لائن ٪ 0 کالم ٪ 1 ، ❮ ٪ 2❯ کی کوئی قیمت نہیں ہے ٪ n	Error: linea% 0 columna% I, ❮% 2❯ habet valorem% n	Gwall: llinell %0 colofn %1, ❮ %2❯ nid oes gan unrhyw werth %n	Iphutha: umugqa% 0 ikholomu% 1, ❮% 2❯ ayinanzuzo% n	ERROR: ליניע% 0 זייַל% 1, ❮% 2❯ האט קיין ווערט% n
	ERROR: NO PARSE TREE FOR LINE %0%n	오류 : 라인 %0 %n에 대한 구문 분석 트리 없음	Erreur: pas d'arbre d'analyse pour la ligne% 0% n	Fehler: Kein Parse Tree für Linie %0 %n	错误：无解析树的线％0％n	Error: no hay árbol de análisis para la línea %0 %n	خطأ: لا توجد شجرة تحليل للخط ٪ 0 ٪ N	Ошибка: нет дерева разбора для линии %0 %n	त्रुटि: लाइन %0 %n के लिए कोई पार्स ट्री नहीं	ত্রুটি: লাইন %0 %এন এর জন্য পার্স ট্রি নেই	Erro: nenhuma árvore de análise para linha %0 %n	Kesalahan: tidak ada pohon parse untuk baris %0 %n	エラー：線の解析ツリーはありません％0％n	שגיאה: אין עץ ניתוח עבור קו %0 %n	Eraro: Neniu parsearbo por linio %0 %n	Kosa: Hakuna mti wa parse kwa mstari %0 %n	Error: walang puno ng parse para sa linya %0 %n	غلطی: لائن ٪ 0 ٪ n کے لئے کوئی پارس درخت نہیں	Error: Non parse in linea% 0% N	Gwall: dim coeden ddosrannu ar gyfer llinell %0 %n	I-ERROR: Akukho Tree Parse for Line% 0% N	טעות: קיין פּאַרס בוים פֿאַר שורה% 0% n
	-l requires a language.%n	-L 언어가 필요합니다.%n	-l nécessite une langue.% n	-l erfordert eine Sprache.%n	-l需要一种语言。％n	-L requiere un idioma.%n	-L يتطلب لغة. ٪ ن	-l требует языка.%n	-ल को एक भाषा की आवश्यकता होती है।%n	-এল একটি ভাষা প্রয়োজন।%n	-l requer um idioma.%n	-l membutuhkan bahasa.%n	-lは言語を必要とします。％n	-ל דורש שפה.%n	-L postulas lingvon.%n	-l inahitaji lugha.%n	-l ay nangangailangan ng isang wika.%n	-l کو ایک زبان کی ضرورت ہے۔ ٪ n	-L postulat lingua.% N	-L yn gofyn am iaith.%n	-L kudinga ulimi.% n	-ל ריקווייערז אַ שפּראַך.% n
	PLEASE CHECK 'POLYBASICPATH' ENVIRONMENT VARIABLE AND/OR LANGUAGE SETTINGS.%n	'PolybasicPath'환경 변수 및/또는 언어 설정을 확인하십시오.%n	Veuillez vérifier les paramètres de la variable et / ou de la langue «PolybasicPath».% N	Bitte überprüfen Sie die Umgebungsvariable und/oder die Spracheinstellungen von "PolybasicPath".%N	请检查“ polybasicpath”环境变量和/或语言设置。％n	Consulte la variable de entorno 'PolyBasicPath' y/o la configuración del lenguaje.%N	يرجى التحقق من "polybasicpath" المتغير و/أو إعدادات اللغة. ٪ N	Пожалуйста, проверьте переменную среды PolybasicPath и/или языковые настройки.%N	कृपया 'पॉलीबैसिकपाथ' पर्यावरण चर और/या भाषा सेटिंग्स की जाँच करें।%n	দয়া করে 'পলিবাসিকপথ' পরিবেশের পরিবর্তনশীল এবং/অথবা ভাষার সেটিংস পরীক্ষা করুন।%n	Verifique a variável de ambiente 'PolybasicPath' e/ou configurações de idioma.%N	Harap periksa variabel lingkungan 'polybasicpath' dan/atau pengaturan bahasa.%N	「polybasicpath」環境変数および/または言語設定を確認してください。％n	אנא בדוק משתנה סביבת 'polybasicpath' ו/או הגדרות שפה.%N	Bonvolu kontroli la median variablon de 'PolyBasicPath' kaj/aŭ lingvaj agordoj.%N	Tafadhali angalia mazingira ya 'polybasicpath' na/au mipangilio ya lugha.%N	Mangyaring suriin ang 'PolyBasicPath' variable at/o mga setting ng wika.%N	براہ کرم 'پولی بیسک پاتھ' ماحولیاتی متغیر اور/یا زبان کی ترتیبات کو چیک کریں۔ ٪ N	Placere reprehendo 'polybasicpath, environment variabilis et / vel lingua occasus.% N	Gwiriwch newidyn amgylchedd a/neu osodiadau iaith 'polybasicPath'.%N	Sicela ubheke i- 'polybasicpath' imvelo eguquguqukayo kanye / noma izilungiselelo zolimi.% N	ביטע טשעק 'Polybasicpath' סומפ.ווינדדיקע און / אָדער שפּראַך סעטטינגס.% N
	POLYBASICLANG' ENVIRONMENT VARIABLE NOT SET,	Polybasiclang 'Environment 변수 설정되지 않음	La variable d'environnement de Polybasiclang n'est pas définie,	Polybasiclang 'Umgebungsvariable nicht festgelegt,	polybasiclang的环境变量未设置，	Variable de entorno de PolyBasiclang 'no establecida,	متغير البيئة polybasiclang غير محدد ،	Polybasiclang 'переменная среды не установлена,	Polybasiclang 'पर्यावरण चर सेट नहीं,	পলিবাসিক্ল্যাং 'পরিবেশের পরিবর্তনশীল সেট করা হয়নি,	Variável de ambiente PoliBasiclang não definida,	Variabel lingkungan polybasiclang tidak disetel,	polybasiclang '環境変数は設定されていません、	משתנה הסביבה של Polybasiclang לא מוגדר,	Polybasiclang 'media variablo ne agordita,	Mazingira ya Polybasiclang 'hayajawekwa,	Ang variable na kapaligiran ng polybasiclang 'ay hindi nakatakda,	polybasiclang 'ماحولیاتی متغیر مقرر نہیں ،	Polybasiclang 'environment variabilis non posuit:	Newidyn amgylchedd polybasiclang 'heb ei osod,	Ukuguquguquka kwemvelo kwePolybasiclang 'akusethiwe,	Polybasiclang 'סביבות וואַרף איז נישט באַשטימט,
	SOURCE %0:%1, ARRAY ❮%2❯ ALREADY DEFINED ON LINE %3%n	Source%0 :%1, 배열 ❮%2 ❯ 이미 라인에 정의 된%3%n	Source% 0:% 1, tableau ❮% 2❯ déjà défini en ligne% 3% n	Quelle%0:%1, Array ❮%2❯ bereits auf Zeile%3%N definiert	源％0：％1，阵列❮％2❯已经在行上定义了3％n	Fuente%0:%1, matriz ❮%2❯ ya definido en línea%3%n	المصدر ٪ 0: ٪ 1 ، صفيف ❮ ٪ 2❯ محدد بالفعل على الخط ٪ 3 ٪ n	Источник%0:%1, массив ❮%2❯ уже определен на линии%3%n	स्रोत%0:%1, सरणी ❮%2❯ पहले से ही लाइन%3%एन पर परिभाषित किया गया है	উত্স%0:%1, অ্যারে ❮%2❯ ইতিমধ্যে লাইন%3%এন এ সংজ্ঞায়িত	Fonte%0:%1, matriz ❮%2❯ já definido na linha%3%n	Sumber%0:%1, array ❮%2❯ sudah ditentukan pada garis%3%n	ソース％0：％1、アレイ❮％2❯既にラインで定義されている％3％n	מקור%0:%1, מערך ❮%2❯ כבר מוגדר על קו%3%n	Fonto%0:%1, Array ❮%2❯ Jam difinita en linio%3%n	Chanzo%0:%1, safu ❮%2❯ tayari imeelezewa kwenye mstari%3%N	Pinagmulan%0:%1, array ❮%2❯ Natukoy na sa linya%3%n	ماخذ ٪ 0: ٪ 1 ، سرنی ❮ ٪ 2❯ لائن پر پہلے ہی بیان کردہ ٪ 3 ٪ n	Fontem% 0:% I, ordinata ❮% 2❯ iam defined in line% III% N	Ffynhonnell%0:%1, arae ❮%2❯ wedi'i diffinio eisoes ar linell%3%n	Umthombo% 0:% 1, u-Array ❮% 2❯ ochaziwe kulayini% 3% n	מקור% 0:% 1, מענגע ❮% 2❯ שוין דיפיינד אויף שורה% 3% n
	SOURCE %0:%1, DATA INPUT UNDERFLOW%n	소스%0 :%1, 데이터 입력 언더 플로우%n	Source% 0:% 1, sous-flux d'entrée de données% n	Quelle%0:%1, Dateneingabe Unterlauf%N n	源％0：％1，数据输入下流％n	Fuente%0:%1, entrada de datos subflujo%n	المصدر ٪ 0: ٪ 1 ، إدخال البيانات underflow ٪ n	Источник%0:%1, ввод данных под разделение потока%n	स्रोत%0:%1, डेटा इनपुट अंडरफ्लो%n	উত্স%0:%1, ডেটা ইনপুট আন্ডারফ্লো%এন	Fonte%0:%1, entrada de dados subflow%n	Sumber%0:%1, input data underflow%n	ソース％0：％1、データ入力アンダーフロー％n	מקור%0:%1, זרימת קלט נתונים%n	Fonto%0:%1, datuma eniga subfluo%n	Chanzo%0:%1, Uingizaji wa Takwimu Undered%N	Pinagmulan%0:%1, Data Input underflow%n	ماخذ ٪ 0: ٪ 1 ، ڈیٹا ان پٹ انڈر فلو ٪ n	Source% 0:% I, data initus underflow% n	Ffynhonnell%0:%1, tan -lif mewnbwn data%n	Umthombo% 0:% 1, Ukufakwa kwedatha okuvinjelwe% n	מקור% 0:% 1, דאַטן אַרייַנשרייַב אַנדערפלאָו% n
	SOURCE %0:%1, DATA READ UNDERFLOW%n	소스%0 :%1, 데이터 읽기 언더 플로%n	Source% 0:% 1, les données lisent un sous-flux% n	Quelle%0:%1, Daten unterlesen Unterlauf%n	源％0：％1，数据读取底流量n	Fuente%0:%1, Data Read Subflow%N	المصدر ٪ 0: ٪ 1 ، قراءة البيانات underflow ٪ n	Источник%0:%1, Data Read Underflow%n	स्रोत%0:%1, डेटा पढ़ा गया%n%n	উত্স%0:%1, ডেটা রিড আন্ডারফ্লো%এন	Fonte%0:%1, dados Leia o subflow%n	SUMBER%0:%1, data membaca underflow%n	ソース％0：％1、データ読み取りアンダーフロー％n	מקור%0:%1, נתונים נקראו תחת זרימה%n	Fonto%0:%1, Datumoj Legu Subfluon%N	Chanzo%0:%1, data iliyosomwa chini ya%n	Pinagmulan%0:%1, nabasa ng data ang underflow%n	ماخذ ٪ 0: ٪ 1 ، ڈیٹا انڈر فلو ٪ N پڑھا	Fonte% 0:% I, data Read underflow% n	Ffynhonnell%0:%1, data yn darllen tan -lif%n	Umthombo% 0:% 1, idatha ifundwe underflow% n	מקור% 0:% 1, דאַטע לייענען אַנדערפלאָו% n
	SOURCE %0:%1, FUNCTION DEF ❮%2❯ REQUIRES %3 PARAMS, BUT CALLED WITH %4%n	Source %0 : %1, 기능 def ❮ %2❯는 %3 매개 변수를 필요로하지만 %4 %n으로 호출됩니다.	Source% 0:% 1, fonction def ❮% 2❯ nécessite% 3 params, mais appelés avec% 4% n	Quelle %0: %1, Funktion def ❮ %2❯ erfordert %3 Parames, aber mit %4 %N aufgerufen	源％0：％1，函数def❮％2❯需要％3参数，但以％n n命名	Fuente %0: %1, función def ❮ %2❯ Requiere %3 parámetos, pero llamado con %4 %n	المصدر ٪ 0: ٪ 1 ، الدالة def ❮ ٪ 2❯ تتطلب ٪ 3 params ، ولكن دعا مع ٪ 4 ٪ n	Источник %0: %1, Функция def ❮ %2❯ требует %3 параметров, но вызовов с 4 %n	स्रोत %0: %1, फ़ंक्शन def ❮ %2, के लिए %3 params की आवश्यकता होती है, लेकिन %4 %n के साथ कहा जाता है	উত্স %0: %1, ফাংশন ডিএফ ❮ %2❯ এর জন্য %3 প্যারাম প্রয়োজন, তবে %4 %এন দিয়ে কল করা হয়	Fonte %0: %1, função def ❮ %2❯ requer %3 params, mas chamado com %4 %n	Sumber %0: %1, fungsi def ❮ %2❯ membutuhkan %3 params, tetapi dipanggil dengan %4 %n	ソース％0：％1、関数def❮％2❯に％3 paramsが必要ですが、％4％nで呼び出されます	מקור %0: %1, פונקציה def ❮ %2❯ דורשת %3 פרמטרים, אך נקראת עם %4 %n	Fonto %0: %1, funkcio def ❮ %2❯ postulas %3 paramojn, sed nomataj kun %4 %n	Chanzo %0: %1, kazi def ❮ %2❯ inahitaji %3, lakini inaitwa na %4 %N	Pinagmulan %0: %1, function def ❮ %2❯ ay nangangailangan ng %3 mga param, ngunit tinawag na may %4 %n	ماخذ ٪ 0: ٪ 1 ، فنکشن ڈیف ❮ ٪ 2❯ میں ٪ 3 پیرام کی ضرورت ہوتی ہے ، لیکن ٪ 4 ٪ N کے ساتھ کہا جاتا ہے	Fontem% 0:% I, function def ❮% 2❯ requirit% III params, sed vocavit% IV% n	Ffynhonnell %0: %1, swyddogaeth def ❮ %2❯ yn gofyn am %3 params, ond a elwir gyda %4 %n	Umthombo% 0:% 1, I-Function Def ❮% 2❯ idinga% 3 amapharamu, kepha ibizwa nge-% 4% n	מקור% 0:% 1, פונקציאָנירן דעפ ❮% 2❯ ריקווייערז% 3 פּאַראַמס, אָבער גערופֿן מיט% 4% n
	SOURCE %0:%1, GOSUB STACK OVERFLOW%n	소스%0 :%1, Gosub 스택 오버플로%n	Source% 0:% 1, gosub stack overflow% n	Quelle%0:%1, Gosub Stack Overflow%n n	源％0：％1，GoSub堆栈溢出％n	Fuente%0:%1, Gosub Stack Overflow%N	المصدر ٪ 0: ٪ 1 ، Gosub Stack Overflow ٪ n	Источник%0:%1, gosub Stack Overflow%n	स्रोत%0:%1, गोसुब स्टैक ओवरफ्लो%एन	উত্স%0:%1, গোসব স্ট্যাক ওভারফ্লো%এন	Fonte%0:%1, Gosub Stack Overflow%n	Sumber%0:%1, Gosub Stack Overflow%n	ソース％0：％1、ゴスブスタックオーバーフロー％n	מקור%0:%1, Gosub Stack Goverflow%n	Fonto%0:%1, Gosub Stack Overflow%N	Chanzo%0:%1, gosub stack kufurika%n	Pinagmulan%0:%1, Gosub stack overflow%n	ماخذ ٪ 0: ٪ 1 ، گوسب اسٹیک اوور فلو ٪ n	Source% 0:% I, Gosumb Stack redundantiam% N	Ffynhonnell%0:%1, gorlif pentwr gosub%n	Umthombo% 0:% 1, GoSub Stack Overflow% N	מקור% 0:% 1, גאָסוב אָנלייגן אָוווערפלאָוד% n
	SOURCE %0:%1, GOSUB STACK UNDERFLOW%n	소스%0 :%1, Gosub 스택 언더 플로%N	Source% 0:% 1, sous-flux de pile Gosub% n	Quelle%0:%1, Gosub Stack Unterlauf%n n	源％0：％1，GOSUB堆栈下流％n	Fuente%0:%1, Gosub Stack subflow%N	المصدر ٪ 0: ٪ 1 ، Gosub Stack underflow ٪ n	Источник%0:%1, gosub Stack inderflow%n	स्रोत%0:%1, गोसुब स्टैक अंडरफ्लो%एन	উত্স%0:%1, গোসব স্ট্যাক আন্ডারফ্লো%এন	Fonte%0:%1, Gosub Stack Subflow%n	Sumber%0:%1, Gosub Stack Underflow%n	ソース％0：％1、ゴスブスタックアンダーフロー％n	מקור%0:%1, Gosub Stack זרף%n	Fonto%0:%1, Gosub Stack Underflow%N	Chanzo%0:%1, gosub stack underflow%n	Pinagmulan%0:%1, gosub stack underflow%n	ماخذ ٪ 0: ٪ 1 ، گوسب اسٹیک انڈر فلو ٪ n	Fontem% 0:% I, Gosub Stack underflow% N	Ffynhonnell%0:%1, is -lif pentwr gosub%n	Umthombo% 0:% 1, GoSub Stack Underflow% n	מקור% 0:% 1, גאָסוב אָנלייגן אַנדערפלאָו% n
	SOURCE %0:%1, INDEX %2 OUT OF RANGE%n	소스 %0 : %1, 색인 %2 범위 %n	Source% 0:% 1, index% 2 hors de portée% n	Quelle %0: %1, Index %2 außer Reichweite %N n	源％0：％1，索引％2在范围％n中	Fuente %0: %1, índice %2 fuera del rango %n	المصدر ٪ 0: ٪ 1 ، فهرس ٪ 2 من النطاق ٪ ن	Источник %0: %1, индекс %2 из диапазона %n	स्रोत %0: %1, सूचकांक %2 रेंज %n से बाहर	উত্স %0: %1, সূচক %2 রেঞ্জের বাইরে %এন	Fonte %0: %1, índice %2 fora da faixa %n	Sumber %0: %1, indeks %2 di luar kisaran %n	ソース％0：％1、インデックス％2範囲外％n	מקור %0: %1, אינדקס %2 מחוץ לטווח %n	Fonto %0: %1, indekso %2 ekster gamo %n	Chanzo %0: %1, index %2 kati ya anuwai %n	Pinagmulan %0: %1, index %2 sa saklaw %n	ماخذ ٪ 0: ٪ 1 ، انڈیکس ٪ 2 سے باہر کی حد ٪ n	Fonte% 0:% I, Index% II de range% n	Ffynhonnell %0: %1, mynegai %2 allan o ystod %n	Umthombo% 0:% 1, Index% 2 Out of Range% N	מקור% 0:% 1, אינדעקס% 2 אויס פון קייט% n
	SOURCE %0:%1, LEFT/RIGHT OP MISMATCH %2 %3%n	소스 %0 : %1, 왼쪽/오른쪽 OP 불일치 %2 %3 %N	Source% 0:% 1, inadéquation d'op gauche / droite% 2% 3% n	Quelle %0: %1, links/rechter Op -Nichtübereinstimmung %2 %3 %n	源％0：％1，左/右OP不匹配％2％3％n	Fuente %0: %1, Izquierda/Right OP Mishery %2 %3 %N	المصدر ٪ 0: ٪ 1 ، اليسار/اليمين OP عدم التطابق ٪ 2 ٪ 3 ٪ N	Источник %0: %1, слева/правое несоответствие OP %2 %3 %N	स्रोत %0: %1, बाएं/दाएं ओपी बेमेल %2 %3 %एन	উত্স %0: %1, বাম/ডান ওপি মেলে % %2 %3 %এন	Fonte %0: %1, esquerda/direita OP incompatível %2 %3 %n	SUMBER %0: %1, KIRI/KANAN Ketidakcocokan %2 %3 %n	ソース％0：％1、左/右opミスマッチ％2％3％n	מקור %0: %1, אי התאמה משמאל/ימין OP %2 %3 %n	Fonto %0: %1, Maldekstra/Dekstra OP Malsaĝulo %2 %3 %N	Chanzo %0: %1, kushoto/kulia op mismatch %2 %3 %n	Pinagmulan %0: %1, kaliwa/kanang op mismatch %2 %3 %n	ماخذ ٪ 0: ٪ 1 ، بائیں/دائیں اوپی مماثل ٪ 2 ٪ 3 ٪ n	Fonte% 0:% I, reliquit / ius op mismatch% II% III% N	Ffynhonnell %0: %1, Op Camgymhariad chwith/dde %2 %3 %n	Umthombo% 0:% 1, kwesokunxele / kwesokudla op mismatch% 2% 3% n	מקור% 0:% 1, לינקס / רעכט אויף מיסמאַטש% 2% 3% n
	SOURCE %0:%1, NEGATIVE INDEX %d%n	소스 %0 : %1, 음수 인덱스 %d %n	Source% 0:% 1, indice négatif% d% n	Quelle %0: %1, negativer Index %d %n	来源％0：％1，负数指数％d％n	Fuente %0: %1, índice negativo %d %n	المصدر ٪ 0: ٪ 1 ، المؤشر السلبي ٪ d ٪ n	Источник %0: %1, отрицательный индекс %d %n	स्रोत %0: %1, नकारात्मक सूचकांक %d %n	উত্স %0: %1, নেতিবাচক সূচক %d %n	Fonte %0: %1, índice negativo %d %n	Sumber %0: %1, indeks negatif %d %n	ソース％0：％1、負のインデックス％d％n	מקור %0: %1, אינדקס שלילי %d %n	Fonto %0: %1, negativa indekso %d %n	Chanzo %0: %1, index hasi %d %n	Pinagmulan %0: %1, negatibong index %d %n	ماخذ ٪ 0: ٪ 1 ، منفی انڈیکس ٪ d ٪ n	Fontem% 0:% I, index% d% N	Ffynhonnell %0: %1, mynegai negyddol %d %n	Umthombo% 0:% 1, inkomba emibi% d% n	מקור% 0:% 1, נעגאַטיוו אינדעקס% ד% n
	SOURCE %0:%1, NEXT ON FOR LOOP WITH STRING VARIABLE%n	Source%0 :%1, 문자열 변수%n을 가진 루프에 대한 다음 on	Source% 0:% 1, Suivant pour une boucle avec variable de chaîne% n	Quelle%0:%1, als nächstes für die Schleife mit String Variable%n n	源％0：％1，接下来使用字符串变量％n的循环	Fuente%0:%1, siguiente en bucle con variable de cadena%n	المصدر ٪ 0: ٪ 1 ، التالي على حلقة مع متغير السلسلة ٪ n	Источник%0:%1, следующий для цикла с помощью строковой переменной%n	स्रोत%0:%1, स्ट्रिंग चर%n के साथ लूप के लिए आगे	উত্স%0:%1, স্ট্রিং ভেরিয়েবল%এন সহ লুপের জন্য পরবর্তী	Fonte%0:%1, a seguir para loop com variável de string%n	Sumber%0:%1, selanjutnya untuk loop dengan variabel string%n	ソース％0：％1、文字列変数％nを使用したループの次は	מקור%0:%1, הבא לולאה עם משתנה מחרוזת%n	Fonto%0:%1, poste por buklo kun ĉena variablo%n	Chanzo%0:%1, ijayo kwa kitanzi na kamba ya kutofautiana%n	Pinagmulan%0:%1, Susunod sa para sa loop na may String variable%n	ماخذ ٪ 0: ٪ 1 ، سٹرنگ متغیر ٪ n کے ساتھ لوپ کے لئے اگلا ،	Source% 0:% I, deinde ad loop cum filum variabilis% n	Ffynhonnell%0:%1, nesaf ymlaen ar gyfer dolen gyda newidyn llinyn%n	Umthombo% 0:% 1, olandelayo on loop nge-string freaff% n	מקור% 0:% 1, ווייַטער פֿאַר שלייף מיט שטריקל וואַריאַנט% n
	SOURCE %0:%1, OPERAND MISMATCH ❮%2:%3❯ ❮%4:%5❯%n	Source%0 :%1, 오페라 불일치 ❮%2 :%3❯%4 :%5 ❯%n	Source% 0:% 1, décalage de l'opérande ❮% 2:% 3❯ ❮% 4:% 5❯% n	Quelle%0:%1, Operand -Nichtübereinstimmung ❮%2:%3❯%4:%5❯%n	源％0：％1，操作数不匹配❮％2：％3❯％4：％5❯％n	Fuente%0:%1, desajuste de operando ❮%2:%3❯ ❮%4:%5❯%N	المصدر ٪ 0: ٪ 1 ، عدم تطابق المعامل ❮ ٪ 2: ٪ 3❯ ❮ ٪ 4: ٪ 5❯ ٪ n	Источник%0:%1, несоответствие операнда ❮%2:%3❯%4:%5❯%n	स्रोत%0:%1, ऑपरेंड बेमेल ❮%2:%3 ❮%%4:%5❯%n	উত্স%0:%1, অপারেন্ড অমিল ❮%2:%3❯ ❮%4:%5❯%এন	Fonte%0:%1, incompatibilidade de operando ❮%2:%3❯ ❮%4:%5❯%n	Sumber%0:%1, ketidakcocokan operan ❮%2:%3❯ ❮%4:%5❯%n	ソース％0：％1、オペランドの不一致	מקור%0:%1, אי התאמה של אופרנד ❮%2:%3❯ ❮%4:%5❯%n	Fonto%0:%1, Operand -miskomparo ❮%2:%3❯ ❮%4:%5❯%n	Chanzo%0:%1, mismatch ya operesheni ❮%2:%3❯ ❮%4:%5❯%n	Pinagmulan%0:%1, operand mismatch ❮%2:%3❯ ❮%4:%5❯%n	ماخذ ٪ 0: ٪ 1 ، اوپیرینڈ مماثل ❮ ٪ 2: ٪ 3❯ ❮ ٪ 4: ٪ 5❯ ٪ n	Fonte% 0:% I, Operand mismatch ❮% II,% 3❯ ❮% IV:% 5 ^ N	Ffynhonnell%0:%1, Camgymhariad Operand ❮%2:%3❯ ❮%4:%5❯%n	Umthombo% 0:% 1, i-operand mismatch ❮% 2:% 3❯ ❮% 4:% 5❯% n	מקור% 0:% 1, אָפּעראַנד מיסמאַטש -% 2:% 3 ❯ ❮% 4:% 5 ❯% n
	SOURCE %0:%1, STRING MATH LOGIC ERROR%n	소스%0 :%1, 문자열 수학 로직 오류%n	Source% 0:% 1, String Math Logic Error% n	Quelle%0:%1, String Math Logic ERROR%N	源％0：％1，字符串数学逻辑错误％n	Fuente%0:%1, error de error lógico de matemáticas de cadena%n	المصدر ٪ 0: ٪ 1 ، خطأ في منطق الرياضيات ٪ n	Источник%0:%1, строка математическая логика ошибка%n	स्रोत%0:%1, स्ट्रिंग गणित तर्क त्रुटि%n	উত্স%0:%1, স্ট্রিং ম্যাথ লজিক ত্রুটি%এন	Fonte%0:%1, erro de lógica matemática de cordas%n	Sumber%0:%1, kesalahan logika matematika string%n	ソース％0：％1、文字列数学ロジックエラー％n	מקור%0:%1, שגיאת היגיון למתמטיקה של מחרוזת%n	Fonto%0:%1, ĉena matematika logika eraro%n	Chanzo%0:%1, kosa la mantiki ya hesabu%n n	Pinagmulan%0:%1, String Math Logic Error%n	ماخذ ٪ 0: ٪ 1 ، سٹرنگ ریاضی کی منطق کی خرابی ٪ n	Fonte% 0:% I, linea Math Logica Error% N	Ffynhonnell%0:%1, gwall rhesymeg mathemateg llinyn%n	Umthombo% 0:% 1, I-String Math Logic Iphutha% n	מקור% 0:% 1, שטריקל מאַט לאָגיק לאָגיק טעות% n
	SOURCE %0:%1, UNDEFINED LABEL ❮%2❯%n	Source%0 :%1, 정의되지 않은 레이블 ❮%2❯%n	Source% 0:% 1, étiquette non définie ❮% 2❯% n	Quelle%0:%1, undefiniertes Etikett ❮%2❯%N n	来源％0：％1，未定义的标签❮％2❯％n	Fuente%0:%1, etiqueta indefinida ❮%2❯%n	المصدر ٪ 0: ٪ 1 ، التسمية غير المحددة ❮ ٪ 2❯ ٪ n	Источник%0:%1, неопределенная метка ❮%2❯%n	स्रोत%0:%1, अपरिभाषित लेबल ❮%2❯%n	উত্স%0:%1, অপরিজ্ঞাত লেবেল ❮%2❯%এন	Fonte%0:%1, etiqueta indefinida ❮%2❯%n	Sumber%0:%1, label yang tidak ditentukan ❮%2❯%n	ソース％0：％1、未定義ラベル❮％2°％n	מקור%0:%1, תווית לא מוגדרת ❮%2❯%n	Fonto%0:%1, nedifinita etikedo ❮%2❯%n	Chanzo%0:%1, lebo isiyoelezewa ❮%2❯%n	Pinagmulan%0:%1, hindi natukoy na label ❮%2❯%n	ماخذ ٪ 0: ٪ 1 ، غیر متعینہ لیبل ❮ ٪ 2❯ ٪ n	Source% 0:% I, Undefined Label ❮% 2 ❯% n	Ffynhonnell%0:%1, label heb ei ddiffinio ❮%2❯%n	Umthombo% 0:% 1, ilebula elingachazwanga ❮% 2❯% n	מקור% 0:% 1, ונדעפינעד לאַבעל ❮% 2❯% n
	SOURCE %0:%1, UNHANDLED OP %2%n	Source %0 : %1, 취급되지 않은 OP %2 %N	Source% 0:% 1, OP non perdue% 2% n	Quelle %0: %1, unhandelte Op %2 %n	源％0：％1，未手持OP％2％N	Fuente %0: %1, OP no controlado %2 %N	المصدر ٪ 0: ٪ 1 ، OP ٪ 2 ٪ N	Источник %0: %1, Unlended OP %2 %N	स्रोत %0: %1, अनहेल्दी ओपी %2 %एन	উত্স %0: %1, আনহ্যান্ডড ওপি %2 %এন	Fonte %0: %1, OP não atribuído %2 %n	Sumber %0: %1, op %2 %n tidak ditangani	ソース％0：％1、未処理のop％2％n	מקור %0: %1, OP %לא מטופלים 2 %n	Fonto %0: %1, Unhandled OP %2 %N	Chanzo %0: %1, OP isiyosafishwa %2 %N	Pinagmulan %0: %1, Unhandled op %2 %n	ماخذ ٪ 0: ٪ 1 ، غیر منقولہ اوپی ٪ 2 ٪ n	Source% 0:% I, Unhandled op% II% N	Ffynhonnell %0: %1, OP heb ei drin %2 %n	Umthombo% 0:% 1, ungajabuli i-OP% 2% N	מקור% 0:% 1, AndingSaLleed OP% 2% n
	SOURCE %0:%1, UNKNOWN IF LABEL ❮%2❯%n	Source%0 :%1, 알 수없는 레이블 ❮%2 ❯%n	Source% 0:% 1, inconnu si l'étiquette ❮% 2❯% n	Quelle%0:%1, unbekannt, wenn Kennzeichnung ❮%2❯%N n	源％0：％1，未知是否标签❮％2❯％n	Fuente%0:%1, desconocido si etiqueta ❮%2❯%n	المصدر ٪ 0: ٪ 1 ، غير معروف إذا كان التسمية ❮ ٪ 2❯ ٪ n	Источник%0:%1, неизвестно, если метка ❮%2❯%n	स्रोत%0:%1, अज्ञात यदि लेबल ❮%2❯%n	উত্স%0:%1, অজানা যদি লেবেল ❮%2❯%এন	Fonte%0:%1, desconhecido se rótulo ❮%2❯%n	Sumber%0:%1, tidak diketahui apakah label ❮%2❯%n	ソース％0：％1、ラベルの場合は不明です❮％2❯％n	מקור%0:%1, לא ידוע אם התווית ❮%2❯%n	Fonto%0:%1, nekonata se etikedo ❮%2❯%n	Chanzo%0:%1, haijulikani ikiwa lebo ❮%2❯%n	Pinagmulan%0:%1, hindi kilala kung label ❮%2❯%n	ماخذ ٪ 0: ٪ 1 ، نامعلوم اگر لیبل ❮ ٪ 2❯ ٪ N	Fontem% 0:% I, ignotum si titulus ❮% 2 ^ n	Ffynhonnell%0:%1, anhysbys os yw label ❮%2❯%n	Umthombo% 0:% 1, Akaziwa Uma ilebula ❮% 2❯% n	מקור% 0:% 1, אומבאַקאַנט אויב פירמע ❮% 2❯% n
	SOURCE %0:%1, UNRECOGNIZED FUNCTION DEF ❮%2❯%n	Source%0 :%1, 인식되지 않은 기능 def ❮%2❯%n	Source% 0:% 1, fonction non reconnue def ❮% 2❯% n	Quelle%0:%1, nicht erkannte Funktion def ❮%2❯%N n	源％0：％1，未识别的函数def❮％2❯％n	Fuente%0:%1, función no reconocida def ❮%2❯%n	المصدر ٪ 0: ٪ 1 ، وظيفة غير معروفة def ❮ ٪ 2❯ ٪ n	Источник%0:%1, непризнанная функция def ❮%2❯%n	स्रोत%0:%1, अपरिचित फ़ंक्शन def ❮%2❯%n	উত্স%0:%1, অচেনা ফাংশন ডিএফ ❮%2❯%এন	Fonte%0:%1, função não reconhecida def ❮%2❯%n	Sumber%0:%1, fungsi yang tidak diakui def ❮%2❯%n	ソース％0：％1、認識されていない関数def❮％2❯％n	מקור%0:%1, פונקציה לא מוכרת def ❮%2❯%n	Fonto%0:%1, ne rekonita funkcio def ❮%2❯%n	Chanzo%0:%1, kazi isiyotambuliwa def ❮%2❯%n	Pinagmulan%0:%1, hindi nakikilalang function def ❮%2❯%n	ماخذ ٪ 0: ٪ 1 ، غیر تسلیم شدہ فنکشن ڈیف ❮ ٪ 2❯ ٪ n	Fontem% 0:% I, latuit functio def ❮% 2 ❯% n	Ffynhonnell%0:%1, swyddogaeth heb ei chydnabod def ❮%2❯%n	Umthombo% 0:% 1, I-def engaziwa ye-def ❮% 2❯% n	מקור% 0:% 1, אַנרעקאַגנייזד פונקציאָנירן דעפ ❮% 2❯% n
	SOURCE %0:%1, UNRECOGNIZED GOSUB LABEL ❮%2❯%n	Source%0 :%1, 인식되지 않은 Gosub 레이블 ❮%2❯%n	Source% 0:% 1, étiquette Gosub non reconnue ❮% 2❯% n	Quelle%0:%1, nicht anerkanntes Gosub -Label ❮%2❯%n	源％0：％1，未识别的GoSub标签❮％2❯％n	Fuente%0:%1, etiqueta GOSUB no reconocida ❮%2❯%N	المصدر ٪ 0: ٪ 1 ، علامة Gosub غير المعترف بها ❮ ٪ 2❯ ٪ N	Источник%0:%1, непризнанная метка Gosub ❮%2❯%n	स्रोत%0:%1, गैर -मान्यता प्राप्त गोसुब लेबल ❮%2❯%n	উত্স%0:%1, অচেনা গোসব লেবেল ❮%2❯%এন	Fonte%0:%1, etiqueta Gosub não reconhecida ❮%2❯%n	Sumber%0:%1, label GOSUB yang tidak dikenali ❮%2❯%n	ソース％0：％1、認識されていないゴスブラベル❮％2❯％n	מקור%0:%1, תווית Gosub לא מוכרת ❮%2❯%n	Fonto%0:%1, ne rekonita GOSUB -etikedo ❮%2❯%n	Chanzo%0:%1, lebo isiyojulikana ya GoSub ❮%2❯%n	Pinagmulan%0:%1, hindi nakikilalang label ng gosub ❮%2❯%n	ماخذ ٪ 0: ٪ 1 ، غیر تسلیم شدہ گوسوب لیبل ❮ ٪ 2❯ ٪ n	Fontem% 0:% I, cognognized Gosub Label ❮% 2❯% n	Ffynhonnell%0:%1, label gosub heb ei gydnabod ❮%2❯%n	Umthombo% 0:% 1, Ilebula engaziwa ye-GOSUB ❮% 2❯% n	מקור% 0:% 1, אַנרעקאַגנייזד Gosub Lady ❮% 2❯% n
	SOURCE %0:%1, UNRECOGNIZED GOTO LABEL ❮%2❯%n	Source%0 :%1, 인식되지 않은 Goto 레이블 ❮%2 ❯%n	Source% 0:% 1, étiquette Goto non reconnue ❮% 2❯% n	Quelle%0:%1, nicht anerkanntes Goto -Label ❮%2❯%N n	源％0：％1，未识别的goto标签❮％2❯％n	Fuente%0:%1, etiqueta GOTO no reconocida ❮%2❯%N	المصدر ٪ 0: ٪ 1 ، ملصق GOTO غير المعترف به ❮ ٪ 2❯ ٪ N	Источник%0:%1, непризнанная метка goto ❮%2❯%n	स्रोत%0:%1, गैर -मान्यता प्राप्त गोटो लेबल ❮%2❯%n	উত্স%0:%1, অচেনা গোটো লেবেল ❮%2❯%এন	Fonte%0:%1, rótulo Goto não reconhecido ❮%2❯%n	Sumber%0:%1, label goto yang tidak dikenali ❮%2❯%n	ソース％0：％1、認識されていないgotoラベル❮％2❯％n	מקור%0:%1, תווית GOTO לא מוכרת ❮%2❯%n	Fonto%0:%1, ne rekonita goto -etikedo ❮%2❯%n	Chanzo%0:%1, lebo ya goto isiyojulikana ❮%2❯%n	Pinagmulan%0:%1, hindi nakikilalang label ng goto ❮%2❯%n	ماخذ ٪ 0: ٪ 1 ، غیر تسلیم شدہ گوٹو لیبل ❮ ٪ 2❯ ٪ n	Source% 0:% I, latuit gata Label ❮% 2❯% n	Ffynhonnell%0:%1, label goto heb ei gydnabod ❮%2❯%n	Umthombo% 0:% 1, ilebula le-goto elingaziwa ❮% 2❯% n	מקור% 0:% 1, אַנרעקאַגנייזד גאָטאָ לאַבעל ❮% 2❯% n
	SOURCE %0:%1, UNRECOGNIZED MATH OP ❮%2❯%n	Source%0 :%1, 인식되지 않은 수학 OP ❮%2❯%n	Source% 0:% 1, mathématiques non reconnues OP ❮% 2❯% n	Quelle%0:%1, nicht anerkannte Mathematik op ❮%2❯%n n	来源％0：％1，未识别的数学op❮％2❯％n	Fuente%0:%1, Op de matemáticas no reconocidas ❮%2❯%N	المصدر ٪ 0: ٪ 1 ، الرياضيات غير المعترف بها OP ❮ ٪ 2❯ ٪ N	Источник%0:%1, непризнанная математика op ❮%2❯%n	स्रोत%0:%1, अपरिचित गणित ओपी of%2❯%एन	উত্স%0:%1, স্বীকৃত গণিত অপ ❮%2❯%এন	Fonte%0:%1, Math Op não reconhecido ❮%2❯%n	Sumber%0:%1, matematika yang tidak dikenali Op ❮%2❯%n	ソース％0：％1、認識されていない数学op	מקור%0:%1, מתמטיקה לא מוכרת ❮%2❯%n	Fonto%0:%1, ne rekonita matematiko op ❮%2❯%n	Chanzo%0:%1, Math Op Op ❮%2❯%N N	Pinagmulan%0:%1, hindi nakikilalang matematika op ❮%2❯%n	ماخذ ٪ 0: ٪ 1 ، غیر تسلیم شدہ ریاضی op ❮ ٪ 2❯ ٪ n	Fontem% 0:% I, latuit math op ❮% 2 ^ n	Ffynhonnell%0:%1, Math Math heb ei gydnabod ❮%2❯%n	Umthombo% 0:% 1, ongaziwa nge-Math Op% 2❯% n	מקור% 0:% 1, אַנרעקאַגנייזד מאַט אויף ❮% 2❯% n
	SOURCE %0:%1, UNRECOGNIZED MID OP %2%n	Source %0 : %1, 인식되지 않은 중간 OP %2 %N	Source% 0:% 1, Mid Op% non reconnu	Quelle %0: %1, nicht anerkannte Mid Op %2 %n	源％0：％1，未识别的中op％2％n	Fuente %0: %1, OP Mid no reconocido 2 %N	المصدر ٪ 0: ٪ 1 ، Mid Op ٪ 2 ٪ N غير المعترف به	Источник %0: %1, непризнанная середина OP %2 %N	स्रोत %0: %1, अपरिचित मध्य op %2 %n	উত্স %0: %1, অচেনা মিড ওপ %2 %এন	Fonte %0: %1, não reconhecido médio %2 %n	SUMBER %0: %1, MID OP %2 %n yang tidak dikenali	ソース％0：％1、認識されていないMID OP％2％n	מקור %0: %1, לא מוכר באמצע OP %2 %n	Fonto %0: %1, ne rekonita meza op %2 %n	Chanzo %0: %1, Mid Op %2 %N isiyojulikana 2 %N	Pinagmulan %0: %1, hindi nakikilala mid op %2 %n	ماخذ ٪ 0: ٪ 1 ، غیر تسلیم شدہ وسط او پی ٪ 2 ٪ N	Fonte% 0:% I, latuit medium op% II% n	Ffynhonnell %0: %1, heb ei gydnabod canol op %2 %n	Umthombo% 0:% 1, engaziwa maphakathi ne-OP% 2% n	מקור% 0:% 1, אַנרעקאַגנייזד מיטל אויף% 2% n
	SOURCE %0:%1, UNRECOGNIZED NEXT VARIABLE ❮%2❯%n	Source%0 :%1, 인식되지 않은 다음 변수 ❮%2❯%n	Source% 0:% 1, variable suivante non reconnue ❮% 2❯% n	Quelle%0:%1, nicht anerkannte nächste Variable ❮%2❯%n	源％0：％1，未识别的下一个变量❮％2❯％n	Fuente%0:%1, Next Variable no reconocida ❮%2❯%N	المصدر ٪ 0: ٪ 1 ، المتغير التالي غير المعترف به ❮ ٪ 2❯ ٪ n	Источник%0:%1, непризнанная следующая переменная ❮%2❯%n	स्रोत%0:%1, बिना मान्यता प्राप्त अगला चर ❮%2❯%n	উত্স%0:%1, স্বীকৃত পরবর্তী পরিবর্তনশীল ❮%2❯%এন	Fonte%0:%1, não reconhecida a próxima variável ❮%2❯%n	Sumber%0:%1, variabel berikutnya yang tidak dikenali ❮%2❯%n	ソース％0：％1、認識されていない次の変数❮％2❯％n	מקור%0:%1, משתנה הבא לא מוכר ❮%2❯%n	Fonto%0:%1, ne rekonita sekva variablo ❮%2❯%n	Chanzo%0:%1, kutofaulu kutofautiana ❮%2❯%n	Pinagmulan%0:%1, hindi nakikilalang susunod na variable ❮%2❯%n	ماخذ ٪ 0: ٪ 1 ، غیر تسلیم شدہ اگلی متغیر ❮ ٪ 2❯ ٪ n	Fontem% 0:% I, latuit Next variabilis ❮% 2 ^ n	Ffynhonnell%0:%1, heb ei gydnabod y newidyn nesaf ❮%2❯%n	Umthombo% 0:% 1, engaziwa ngokulandelana okulandelayo ❮% 2❯% n	מקור% 0:% 1, אַנרעקאַגנייזד ווייַטער בייַטעוודיק ❮% 2❯% n
	SOURCE %0:%1, UNRECOGNIZED VARIABLE TYPE ❮%2❯%n	Source%0 :%1, 인식되지 않은 가변 유형 ❮%2❯%n	Source% 0:% 1, type variable non reconnu ❮% 2❯% n	Quelle%0:%1, nicht anerkannter variabler Typ ❮%2❯%n	源％0：％1，未识别的变量类型❮％2❯％n	Fuente%0:%1, tipo variable no reconocido ❮%2❯%n	المصدر ٪ 0: ٪ 1 ، النوع المتغير غير المعترف به ❮ ٪ 2❯ ٪ n	Источник%0:%1, непризнанный тип переменной ❮%2❯%n	स्रोत%0:%1, अपरिचित चर प्रकार ❮%2 ❮%n	উত্স%0:%1, অচেনা পরিবর্তনশীল প্রকার ❮%2❯%এন	Fonte%0:%1, Tipo de variável não reconhecido ❮%2❯%n	Sumber%0:%1, jenis variabel yang tidak dikenali ❮%2❯%n	ソース％0：％1、認識されていない変数タイプ❮％2°％n	מקור%0:%1, סוג משתנה לא מוכר ❮%2❯%n	Fonto%0:%1, ne rekonita ŝanĝiĝema tipo ❮%2❯%n	Chanzo%0:%1, Aina ya kutofautisha isiyojulikana ❮%2❯%n	Pinagmulan%0:%1, hindi nakikilalang uri ng variable ❮%2❯%n	ماخذ ٪ 0: ٪ 1 ، غیر تسلیم شدہ متغیر قسم ❮ ٪ 2❯ ٪ n	Fonte% 0:% I, latuit variabilis generis ❮% 2 ❯% n	Ffynhonnell%0:%1, math newidiol heb ei gydnabod ❮%2❯%n	Umthombo% 0:% 1, Uhlobo olungaziwa oluguquguqukayo ❮% 2❯% n	מקור% 0:% 1, אַנרעקאַגנייזד בייַטעוודיק טיפּ ❮% 2❯% n
	SOURCE %0:%1, VARIABLE ❮%2❯ DEFINED AS DIM%3(%4..%5, %6..%7) ARRAY ON LINE %8%n	소스%0 :%1, 변수 ❮%2❯ Dim%3 (%4 ..%5,%6 ..%7) 배열%8%n으로 정의됩니다.	Source% 0:% 1, variable ❮% 2❯ définie comme dim% 3 (% 4 ..% 5,% 6 ..% 7) tableau en ligne% 8% n	Quelle%0:%1, Variable ❮%2❯ definiert als Dim%3 (%4 ..%5,%6 ..%7) Array auf Linie%8%n	源％0：％1，变量❮％2❯定义为dim％3（％4 ..％5，％6 ..％7）in line％n line％8％n	Fuente%0:%1, variable ❮%2❯ definido como DIM%3 (%4 ..%5,%6 ..%7) Matriz en línea%8%N	المصدر ٪ 0: ٪ 1 ، المتغير ❮ ٪ 2❯ محدد على أنه dim ٪ 3 (٪ 4 .. ٪ 5 ، ٪ 6 .. ٪ 7) صفيف في الخط ٪ 8 ٪ n	Источник%0:%1, переменная ❮%2	स्रोत%0:%1, चर ❮%2❯ को मंद%3 (%4 ..%5,%6 ..%7) के रूप में परिभाषित किया गया	উত্স%0:%1, ভেরিয়েবল ❮%2❯ ম্লান%3 (%4 ..%5,%6 ..%7) হিসাবে সংজ্ঞায়িত	Fonte%0:%1, variável ❮%2❯ Definido como Dim%3 (%4 ..%5,%6 ..%7) Matriz on -line%8%n	Sumber%0:%1, variabel ❮%2❯ didefinisikan sebagai dim%3 (%4 ..%5,%6 ..%7) Array pada garis%8%n	ソース％0：％1、変数❮％2 dim％3（％4 ..％5、％6 ..％7）ライン上の配列％8％nとして定義	מקור%0:%1, משתנה ❮%2❯ מוגדר כ- Dim%3 (%4 ..%5,%6 ..%7) מערך על קו%8%n	Fonto%0:%1, variablo ❮%2❯ difinita kiel dim%3 (%4 ..%5,%6 ..%7) Array On Line%8%N	Chanzo%0:%1, kutofautisha ❮%2❯ hufafanuliwa kama dim%3 (%4 ..%5,%6 ..%7) safu kwenye mstari%8%N	Pinagmulan%0:%1, variable ❮%2❯ tinukoy bilang dim%3 (%4 ..%5,%6 ..%7) array sa linya%8%n	ماخذ ٪ 0: ٪ 1 ، متغیر ❮ ٪ 2❯ DIM ٪ 3 (٪ 4 .. ٪ 5 ، ٪ 6 .. ٪ 7) کے طور پر بیان کیا گیا ہے	Fonte% 0:% I, variabilis ❮% 2❯ defined Dim% III (% IV ..% V,% VI ..% VII) ordinata in linea% VIII% N	Ffynhonnell%0:%1, newidyn ❮%2❯ wedi'i ddiffinio fel dim%3 (%4 ..%5,%6 ..%7) arae ar linell%8%n	Umthombo% 0:% 1, uguquguqukayo ❮% 2❯ ochazwe njenge-Dim% 3 (% 4 ..% 5,% 6 ..% 7) Uhlu kulayini% 8% n	מקור% 0:% 1, בייַטעוודיק ❮% 2❯ דיפיינד ווי טונקל% 3 (% 4 ..% 5,% 6 ..% 7) מענגע אויף שורה 8% n
	SOURCE %0:%1, VARIABLE ❮%2❯ DEFINED AS DIM%3(%4..%5) ARRAY ON LINE %6%n	소스%0 :%1, 변수 ❮%2❯ Dim%3 (%4 ..%5) 라인에 대한 배열%6%n	Source% 0:% 1, variable ❮% 2❯ définie comme dim% 3 (% 4 ..% 5) tableau en ligne% 6% n	Quelle%0:%1, Variable ❮%2❯ definiert als Dim%3 (%4 ..%5) Array auf Linie%6%n	源％0：％1，变量❮％2❯定义为dim％3（％4 ..％5）阵列在线％6％n	Fuente%0:%1, variable ❮%2❯ definido como DIM%3 (%4 ..%5) Matriz en línea%6%N	المصدر ٪ 0: ٪ 1 ، المتغير ❮ ٪ 2❯ محدد على أنه dim ٪ 3 (٪ 4 .. ٪ 5) صفيف في الخط ٪ 6 ٪ n	Источник%0:%1, переменная ❮%2❯ определено как Dim%3 (%4 ..%5) массив на линию%6%n	स्रोत%0:%1, चर ❮%2❯ को DIM%3 (%4 ..%5) के रूप में परिभाषित किया गया	উত্স%0:%1, ভেরিয়েবল ❮%2❯ ডিম%3 (%4 ..%5) লাইন অন লাইন%6%এন হিসাবে সংজ্ঞায়িত	Fonte%0:%1, variável ❮%2❯ Definido como Dim%3 (%4 ..%5) Matriz on -line%6%n	Sumber%0:%1, variabel ❮%2❯ didefinisikan sebagai dim%3 (%4 ..%5) array pada garis%6%n	ソース％0：％1、変数❮％2❯dim％3（％4 ..％5）ライン上の配列％6％n	מקור%0:%1, משתנה ❮%2❯ מוגדר כ- Dim%3 (%4 ..%5) מערך על קו%6%n	Fonto%0:%1, variablo ❮%2❯ difinita kiel DIM%3 (%4 ..%5) Array On Line%6%N	Chanzo%0:%1, kutofautisha ❮%2❯ hufafanuliwa kama dim%3 (%4 ..%5) safu kwenye mstari%6%N	Pinagmulan%0:%1, variable ❮%2❯ tinukoy bilang dim%3 (%4 ..%5) array sa linya%6%n	ماخذ ٪ 0: ٪ 1 ، متغیر ❮ ٪ 2❯ DIM ٪ 3 (٪ 4 .. ٪ 5) کے طور پر بیان کردہ لائن پر لائن ٪ 6 ٪ N	Fontem% 0:% I, variabilis ❮% 2❯ defined Dim% III (% IV ..% V) ordinata in line% VI% N	Ffynhonnell%0:%1, newidyn ❮%2❯ wedi'i ddiffinio fel dim%3 (%4 ..%5) arae ar linell%6%n	Umthombo% 0:% 1, uguquguqukayo ❮% 2❯ uchazwe njenge-Dim% 3 (% 4 ..% 5) uhlu lwamalungu ku-% 6% n	מקור% 0:% 1, בייַטעוודיק ❮% 2❯ דיפיינד ווי טונקל% 3 (% 4 ..% 5) מענגע אויף שורה 6% 6% 6% n
	SOURCE %0:%1, VARIABLE ❮%2❯ DEFINED AS DIM%3 ARRAY ON LINE %4%n	소스%0 :%1, 변수 ❮%2❯ 라인에서 Dim%3 어레이로 정의	Source% 0:% 1, variable ❮% 2❯ définie comme dim% 3 tableau en ligne% 4% n	Quelle%0:%1, Variable ❮%2❯ definiert als Dim%3 Array auf Linie%4%N	源％0：％1，变量❮％2❯定义为DIM％3阵列在线％4％n	Fuente%0:%1, variable ❮%2❯ definido como DIM%3 matriz en línea%4%n	المصدر ٪ 0: ٪ 1 ، المتغير ❮ ٪ 2❯ محدد على أنه dim ٪ 3 صفيف في الخط ٪ 4 ٪ n	Источник%0:%1, переменная ❮%2❯ определено как массив Dim%3 на линии%4%N	स्रोत%0:%1, चर ❮%2❯ लाइन%4%n पर dim%3 सरणी के रूप में परिभाषित किया गया	উত্স%0:%1, পরিবর্তনশীল ❮%2❯ লাইন%4%এন এ ডিম%3 অ্যারে হিসাবে সংজ্ঞায়িত	Fonte%0:%1, variável ❮%2❯ Definido como Dim%3 Array na linha%4%n	Sumber%0:%1, variabel ❮%2❯ didefinisikan sebagai redup%3 array pada line%4%n	ソース％0：％1、可変❮％2❯dim％3 array on line％4％nとして定義	מקור%0:%1, משתנה ❮%2❯ המוגדר כמערך dim%3 על קו%4%n	Fonto%0:%1, variablo ❮%2❯ difinita kiel dim%3 tabelo sur linio%4%n	Chanzo%0:%1, kutofautisha ❮%2❯ hufafanuliwa kama safu ya dim%3 kwenye mstari%4%N	Pinagmulan%0:%1, variable ❮%2❯ tinukoy bilang dim%3 array sa linya%4%n	ماخذ ٪ 0: ٪ 1 ، متغیر ❮ ٪ 2❯ لائن پر DIM ٪ 3 سرنی کے طور پر بیان کردہ 4 ٪ N	Fontem% 0:% I, variabilis ❮% 2❯ defined Dim% III ordinata in linea% IV N	Ffynhonnell%0:%1, newidyn ❮%2❯ wedi'i ddiffinio fel dim%3 arae ar linell%4%n	Umthombo% 0:% 1, uguquguqukayo ❮% 2❯ ochazwe njenge-Dim% 3 Array kulayini% 4% n	מקור% 0:% 1, בייַטעוודיק ❮% 2❯ דיפיינד ווי טונקל% 3 מענגע אויף שורה 4% n
	SOURCE %0:%1, VARIABLE ❮%2❯ DEFINED AS NONARRAY ON LINE %3%n	소스%0 :%1, 변수 ❮%2❯ 라인에서 비 계절로 정의 된%3%n	Source% 0:% 1, variable ❮% 2❯ définie comme non-réseau en ligne% 3% n	Quelle%0:%1, Variable ❮%2 ❯ definiert als Nicht -Array online%3%N	源％0：％1，可变❮％2❯定义为在线％n的非阵列3％n	Fuente%0:%1, variable ❮%2❯ definida como no array en línea%3%n	المصدر ٪ 0: ٪ 1 ، المتغير ❮ ٪ 2❯ المعرّف بأنه غير محدد على الخط ٪ 3 ٪ n	Источник%0:%1, переменная ❮%2	स्रोत%0:%1, चर ❮%2❯ लाइन%3%एन पर nonarray के रूप में परिभाषित किया गया	উত্স%0:%1, ভেরিয়েবল ❮%2❯ লাইনে ননআরে হিসাবে সংজ্ঞায়িত%3%এন	Fonte%0:%1, variável ❮%2❯ Definido como não -marge on -line%3%n	Sumber%0:%1, variabel ❮%2❯ didefinisikan sebagai nonarray pada garis%3%n	ソース％0：％1、可変❮％2❯	מקור%0:%1, משתנה ❮%2❯ המוגדר כלא מערך בקו%3%n	Fonto%0:%1, variablo ❮%2❯ difinita kiel nearray On Line%3%N	Chanzo%0:%1, kutofautisha ❮%2❯ hufafanuliwa kama nonarray kwenye mstari%3%n	Pinagmulan%0:%1, variable ❮%2❯ tinukoy bilang nonarray sa linya%3%n	ماخذ ٪ 0: ٪ 1 ، متغیر ❮ ٪ 2❯ لائن پر نانری کے طور پر بیان کردہ ٪ 3 ٪ n	Fontem% 0:% I, variabilis ❮% 2❯ defined as nonarray in line% III% n	Ffynhonnell%0:%1, newidyn ❮%2❯ wedi'i ddiffinio fel nonarray ar linell%3%n	Umthombo% 0:% 1, uguquguqukayo ❮% 2❯ ochazwe njenge-nonnarray kulayini% 3% n	מקור% 0:% 1, בייַטעוודיק ❮% 2❯ דיפיינד ווי ניטאַרי אויף שורה% 3% n
	SOURCE %0:%1, VARIABLE ❮%2❯ DIM1 AS %3 OUTSIDE BOUNDS1 %4..%5 FROM LINE %6%n	소스 %0 : %1, 변수 ❮ %2 ❯ dim1 as %3 외부 경계 1 %4 .. %5 라인 %6 %n	Source% 0:% 1, variable ❮% 2❯ dim1 comme% 3 bornes extérieures1% 4 ..% 5 de la ligne% 6% n	Quelle %0: %1, Variable ❮ %2❯ Dim1 als %3 Außengrenzen1 %4 .. %5 von Linie %6 %n	源％0：％1，变量❮％2❯dim1 as％3外部边界1％4 ..％5从线％6％n	Fuente %0: %1, variable ❮ %2❯ dim1 AS %3 límites externos1 %4 .. %5 de la línea %6 %n	المصدر ٪ 0: ٪ 1 ، المتغير ❮ ٪ 2❯ DIM1 AS ٪ 3 خارج الحدود 1 ٪ 4 .. ٪ 5 من الخط ٪ 6 ٪ n	Источник %0: %1, переменная ❮ %2❯ Dim1 As %3 внешние границы1 %4 .. %5 от линии %6 %n	स्रोत %0: %1, चर ❮ %2❯ डिम 1 के रूप में %3 के बाहर सीमा 1 %4 .. %5 लाइन %6 %n से	উত্স %0: %1, পরিবর্তনশীল ❮ %2❯ DIM1 হিসাবে %3 এর বাইরে সীমা 1 %4 .. %5 লাইন থেকে %6 %এন	Fonte %0: %1, variável ❮ %2❯ Dim1 como %3 Limites externos1 %4 .. %5 da linha %6 %n	Sumber %0: %1, variabel ❮ %2❯ dim1 sebagai %3 Batas luar1 %4 .. %5 dari garis %6 %n	ソース％0：％1、可変❮％2 dim1 as％3外側の境界1％4 ..％5 line％6％n	מקור %0: %1, משתנה ❮ %2❯ dim1 AS %3 מחוץ לתחום 1 %4 .. %5 מ- LINE %6 %N	Fonto %0: %1, variablo ❮ %2❯ DIM1 kiel %3 ekster Bounds1 %4 .. %5 de linio %6 %N	Chanzo %0: %1, kutofautisha ❮ %2❯ dim1 kama %3 nje mipaka1 %4 .. %5 kutoka mstari %6 %N	Pinagmulan %0: %1, variable ❮ %2❯ dim1 bilang %3 sa labas ng hangganan1 %4 .. %5 mula sa linya %6 %n	ماخذ ٪ 0: ٪ 1 ، متغیر ❮ ٪ 2❯ dim1 as ٪ 3 سے باہر کی حد 1 ٪ 4 .. ٪ 5 لائن ٪ 6 ٪ n سے ٪ 5	Fontem% 0:% I, variabilis ❮% 2 ❯ dim1 sicut% III extra terminari1% IV ..% V ex linea% VI% VI	Ffynhonnell %0: %1, newidyn ❮ %2❯ dim1 fel %3 y tu allan ffin1 %4 .. %5 o'r llinell %6 %n	Umthombo% 0:% 1, uguquguqukayo ❮% 2❯ dim1 njengoba% 3 ngaphandle kwe-Bounds1% 4 ..% 5 kusuka kulayini% 6% n	מקור% 0:% 1, בייַטעוודיק ❮% 2❯ dim1 ווי% 3 אַרויס גווול 1% 4 ..% 5 פון שורה% 6% n
	SOURCE %0:%1, VARIABLE ❮%2❯ DIM1 AS %3 OUTSIDE BOUNDS %4..%5 FROM LINE %6%n	소스 %0 : %1, 변수 ❮ %2 ❯ dim1 as %3 외부 경계 %4 .. %5 라인 %6 %n	Source% 0:% 1, variable ❮% 2❯ dim1 comme% 3 bornes extérieures% 4 ..% 5 de la ligne% 6% n	Quelle %0: %1, Variable ❮ %2❯ Dim1 als %3 Außengrenzen %4 .. %5 von Linie %6 %n	源％0：％1，变量❮％2❯dim1 as％3外部界限％4 ..％5从线％6％n	Fuente %0: %1, variable ❮ %2❯ dim1 AS %3 límites externos %4 .. %5 de la línea %6 %n	المصدر ٪ 0: ٪ 1 ، المتغير ❮ ٪ 2❯ DIM1 AS ٪ 3 خارج الحدود ٪ 4 .. ٪ 5 من الخط ٪ 6 ٪ n	Источник %0: %1, переменная ❮ %2❯ Dim1 As %3 внешние границы %4 .. %5 из линии %6 %n	स्रोत %0: %1, चर ❮ %2❯ डिम 1 के रूप में %3 के बाहर सीमा %4 .. %5 लाइन %6 %n से	উত্স %0: %1, পরিবর্তনশীল ❮ %2❯ DIM1 হিসাবে %3 এর বাইরে %3 %4 .. %5 লাইন থেকে %6 %এন	Fonte %0: %1, variável ❮ %2❯ DIM1 como %3 Limes externos %4 .. %5 da linha %6 %n	Sumber %0: %1, variabel ❮ %2❯ DIM1 As %3 Batas luar %4 .. %5 dari garis %6 %n	ソース％0：％1、可変❮％2 dim1 as％3外側の境界％4 ..％5 line％6％n	מקור %0: %1, משתנה ❮ %2❯ dim1 AS %3 גבולות חיצוניים %4 .. %5 מ- LINE %6 %N	Fonto %0: %1, variablo ❮ %2❯ DIM1 kiel %3 ekster limoj %4 .. %5 de linio %6 %n	Chanzo %0: %1, kutofautisha ❮ %2❯ dim1 kama %3 mipaka ya nje %4 .. %5 kutoka mstari %6 %n	Pinagmulan %0: %1, variable ❮ %2❯ dim1 bilang %3 sa labas ng hangganan %4 .. %5 mula sa linya %6 %n	ماخذ ٪ 0: ٪ 1 ، متغیر ❮ ٪ 2❯ Dim1 as ٪ 3 سے باہر ٪ 4 .. ٪ 5 سے ٪ 5 ٪ 6 ٪ n	Fontem% 0:% I, variabilis ❮% 2 ❯ Dim1 sicut% III extra terminis% IV ..% V ex linea% VI% VI	Ffynhonnell %0: %1, newidyn ❮ %2❯ dim1 fel %3 ffin y tu allan %4 .. %5 o'r llinell %6 %n	Umthombo% 0:% 1, uguquguqukayo ❮% 2❯ dim1 njengoba% 3 ngaphandle kwemingcele% 4 ..% 5 kusuka kulayini% 6% n	מקור% 0:% 1, בייַטעוודיק ❮% 2❯ dim1 ווי% 3 אַרויס גווול% 4 ..% 5 פון שורה% 6% n
	SOURCE %0:%1, VARIABLE ❮%2❯ DIM2 AS %3 OUTSIDE BOUNDS2 %4..%5 FROM LINE %6%n	소스 %0 : %1, 변수 ❮ %2 ❯ dim2 as %3 외부 경계 2 %4 .. %5 라인 %6 %n	Source% 0:% 1, variable ❮% 2❯ dim2 comme% 3 bornes extérieures 2% 4 ..% 5 de la ligne% 6% n	Quelle %0: %1, Variable ❮ %2❯ Dim2 als %3 Außengrenzen2 %4 .. %5 von Linie %6 %n	源％0：％1，变量❮％2❯dim2 as％3外部边界2％4 ..％5从线％6％n	Fuente %0: %1, variable ❮ %2❯ dim2 AS %3 límites externos 2 %4 .. %5 de la línea %6 %N	المصدر ٪ 0: ٪ 1 ، المتغير ❮ ٪ 2❯ DIM2 AS ٪ 3 خارج الحدود 2 ٪ 4 .. ٪ 5 من الخط ٪ 6 ٪ n	Источник %0: %1, переменная ❮ %2❯ Dim2 As %3 внешние границы 2 %4 .. %5 от линии %6 %n	स्रोत %0: %1, चर ❮ %2❯ डिम 2 के रूप में %3 के बाहर सीमा 2 %4 .. %5 लाइन %6 %एन से	উত্স %0: %1, পরিবর্তনশীল ❮ %2❯ DIM2 হিসাবে %3 এর বাইরে 2 %4 .. %5 লাইন থেকে %6 %এন	Fonte %0: %1, variável ❮ %2❯ Dim2 como %3 Limites externos2 %4 .. %5 da linha %6 %n	Sumber %0: %1, variabel ❮ %2❯ dim2 sebagai %3 batas luar2 %4 .. %5 dari garis %6 %n	ソース％0：％1、可変❮％2 dim2 as％3外側の境界2％4 ..％5 line％6％n	מקור %0: %1, משתנה ❮ %2❯ dim2 AS %3 מחוץ לתחום 2 %4 .. %5 מ- LINE %6 %N	Fonto %0: %1, variablo ❮ %2❯ DIM2 kiel %3 ekster limoj2 %4 .. %5 de linio %6 %n	Chanzo %0: %1, kutofautisha ❮ %2❯ dim2 kama %3 nje mipaka2 %4 .. %5 kutoka mstari %6 %n	Pinagmulan %0: %1, variable ❮ %2❯ dim2 bilang %3 sa labas ng hangganan2 %4 .. %5 mula sa linya %6 %n	ماخذ ٪ 0: ٪ 1 ، متغیر ❮ ٪ 2❯ Dim2 as ٪ 3 سے باہر کی حد 2 ٪ 4 .. ٪ 5 لائن ٪ 6 ٪ N سے ٪ 5	Fontem% 0:% I, variabilis ❮% 2 ❯ Dim2 sicut% III extra terminos2% IV ..% V ex linea% VI% VI	Ffynhonnell %0: %1, newidyn ❮ %2❯ dim2 fel %3 y tu allan ffin2 %4 .. %5 o'r llinell %6 %n	Umthombo% 0:% 1, aguquguqukayo ❮% 2❯ Dim2 njengoba% 3 ngaphandle kwe-Sourts2% 4 ..% 5 kusuka kulayini% 6% n	מקור% 0:% 1, בייַטעוודיק ❮% 2❯ DIM2 ASD% 3 אַרויס drunds2% 4 ..% 5 פון שורה% 6% n
	UNABLE TO OPEN %0 FOR READING.%n	읽기를 위해 %0을 열 수 없습니다. %n	Impossible d'ouvrir% 0 pour la lecture.% N	Es kann nicht %0 für das Lesen eröffnen. %N	无法打开％0进行阅读。％n	No se puede abrir %0 para leer. %N	غير قادر على فتح ٪ 0 للقراءة. ٪ ن	Невозможно открыть %0 для чтения. %N	पढ़ने के लिए %0 खोलने में असमर्थ। %n	পড়ার জন্য %0 খুলতে অক্ষম। %n	Incapaz de abrir %0 para leitura. %N	Tidak dapat membuka %0 untuk membaca. %N	読み取りのために％0を開くことができません。％n	לא ניתן לפתוח %0 לקריאה. %N	Ne eblas malfermi %0 por legado. %N	Haiwezi kufungua %0 kwa kusoma. %N	Hindi mabuksan ang %0 para sa pagbabasa. %N	پڑھنے کے لئے ٪ 0 کھولنے سے قاصر۔ ٪ n	'Non aperire% 0 ad Lectio.% N	Methu agor %0 ar gyfer darllen. %N	Ayikwazi ukuvula i-% 0 yokufunda.% N	ניט געקענט צו עפענען% 0 פֿאַר לייענען.% N
	UNABLE TO OPEN FILE ❮%0❯%n	파일을 열 수 없음 file%0❯%n	Impossible d'ouvrir le fichier ❮% 0❯% n	Datei nicht öffnen ❮%0❯%n	无法打开文件❮％0❯％n	No se puede abrir el archivo ❮%0❯%n	غير قادر على فتح ملف ❮ ٪ 0❯ ٪ n	Невозможно открыть файл ❮%0❯%n	फ़ाइल को खोलने में असमर्थ ❮%0❯%n	ফাইল খুলতে অক্ষম ❮%0❯%এন	Incapaz de abrir o arquivo ❮%0❯%n	Tidak dapat membuka file ❮%0❯%n	ファイルを開くことができません❮％0〜％n	לא ניתן לפתוח את הקובץ ❮%0❯%n	Ne eblas malfermi dosieron ❮%0❯%n	Haiwezi kufungua faili ❮%0❯%n	Hindi mabuksan ang file ❮%0❯%n	فائل کھولنے سے قاصر ❮ ٪ 0❯ ٪ n	Non aperire file ❮% 0 ❯% n	Methu agor ffeil ❮%0❯%n	Ayikwazi ukuvula ifayela ❮% 0❯% n	ניט געקענט צו עפענען טעקע ❮% 0❯% n
	UNHANDLED OPCODE src:%0 op %1 line %2 col %3%n	처리되지 않은 OPCODE SRC : %0 OP %1 라인 %2 COL %3 %N	Opcode non géré src:% 0 op% 1 ligne% 2 col% 3% n	Ungezogenes Opcode SRC: %0 op %1 Line %2 col %3 %n	未经处理的OpCode SRC：％0 OP％1行％2 col％3％n	Opcode no controlado SRC: %0 op %1 línea %2 col %3 %n	OPCODE UNHEDLED SRC: ٪ 0 OP ٪ 1 LINE ٪ 2 COL ٪ 3 ٪ N	Неупомянутый OpCode SRC: %0 OP %1 Line %2 COL %3 %N	Unhandled opcode src: %0 op %1 लाइन %2 col %3 %n	Unhandled opcode src: %0 op %1 লাইন %2 কল %3 %n	Opcode não atendido SRC: %0 OP %1 linha %2 col %3 %n	OPCODE SRC yang tidak ditangani: %0 op %1 baris %2 col %3 %n	未処理のopcode src：％0 op％1 line％2 col％3％n	OpCode SRC לא מטופל: %0 OP %1 קו %2 COL %3 %N	Unhandled Opcode Src: %0 OP %1 Line %2 Col %3 %N	Opcode isiyo na mwisho: %0 op %1 line %2 col %3 %n	UNHANDLED OPCODE SRC: %0 OP %1 LINE %2 Col %3 %N	غیر منقولہ اوپکوڈ ایس آر سی: ٪ 0 آپٹ ٪ 1 لائن ٪ 2 کرنل ٪ 3 ٪ N	Unhandled OPCODE SRC:% 0 op% I line% II Col% III% N	Src Cod Opcode heb ei drin: %0 op %1 llinell %2 col %3 %n	I-Opcode Src edidanisiwe:% 0 op% 1 umugqa% 2 Col% 3% n	Undlavered Opcode SRC:% 0 אָפּ% 1 שורה% 2 COR% 3% n
	UNRECOGNIZED INPUT ❮%0❯%n	인식되지 않은 입력 ized%0 ❯%n	Entrée non reconnue ❮% 0❯% n	Unerkannter Input ❮%0❯%n	未识别的输入❮％0❯％n	Entrada no reconocida ❮%0❯%N	المدخلات غير المعترف بها ❮ ٪ 0❯ ٪ n	Нераспознанный вход ❮%0❯%n	गैर -मान्यता प्राप्त इनपुट ❮%0❯%n	অচেনা ইনপুট ❮%0❯%n	Entrada não reconhecida ❮%0❯%n	Input yang tidak diakui ❮%0❯%n	認識されていない入力❮％0〜％n	קלט לא מוכר ❮%0❯%n	Ne rekonita enigo ❮%0❯%n	Uingizaji usiojulikana ❮%0❯%n	Hindi nakikilalang input ❮%0❯%n	غیر تسلیم شدہ ان پٹ ❮ ٪ 0❯ ٪ n	❮% 0 ❮ initus ❮ (0 ❯	Mewnbwn heb ei gydnabod ❮%0❯%n	Okokufaka okungaziwa ❮% 0❯% n	אַנרעקאַגנייזד אַרייַנשרייַב נומער 0% ן